variant,month,target,val_logloss_champion,val_logloss_challenger,decision,next_month_logloss_active,next_month_logloss_challenger,next_month_logloss_incumbent,challenger_better_next_month,decision_was_correct,regret_logloss,champion_month,train_rows
v9_path,2022-08,btts,,,PROMOTE,0.6848144597659301,0.6848144597659301,,,,,2022-08,14460
v9_path,2022-08,over15,,,PROMOTE,0.5339061683011481,0.5339061683011481,,,,,2022-08,14460
v9_path,2022-08,over25,,,PROMOTE,0.6711449102379461,0.6711449102379461,,,,,2022-08,14460
v9_path,2022-08,over35,,,PROMOTE,0.5972875211010044,0.5972875211010044,,,,,2022-08,14460
v9_path,2022-09,btts,0.6666330380155459,0.6235231408349897,PROMOTE,0.6942665360408046,0.6942665360408046,0.6940815776687308,False,False,0.00018495837207377352,2022-09,15280
v9_path,2022-09,over15,0.5295058429175076,0.4992346495088785,PROMOTE,0.5613672630831605,0.5613672630831605,0.5620181311481177,True,True,0.0,2022-09,15280
v9_path,2022-09,over25,0.6410041610082222,0.6184338630289141,PROMOTE,0.6739575874002613,0.6739575874002613,0.6810249919474762,True,True,0.0,2022-09,15280
v9_path,2022-09,over35,0.5572042753486192,0.5006585654663867,PROMOTE,0.5659721670776355,0.5659721670776355,0.5693159237125986,True,True,0.0,2022-09,15280
v9_path,2022-10,btts,0.6432501305975735,0.6235392705746953,PROMOTE,0.6829124881871856,0.6829124881871856,0.6872357640537725,True,True,0.0,2022-10,15997
v9_path,2022-10,over15,0.514602547618104,0.48361289420498277,PROMOTE,0.5436196037336605,0.5436196037336605,0.543334724696419,False,False,0.0002848790372415033,2022-10,15997
v9_path,2022-10,over25,0.6338338435244126,0.6061784532731532,PROMOTE,0.6853888975353721,0.6853888975353721,0.6785763040874873,False,False,0.006812593447884874,2022-10,15997
v9_path,2022-10,over35,0.5225172542031805,0.5049038123880154,PROMOTE,0.5949616694522015,0.5949616694522015,0.6029446824751535,True,True,0.0,2022-10,15997
v9_path,2022-11,btts,0.64589047739732,0.6055196641762528,PROMOTE,0.6760035407106131,0.6760035407106131,0.6819010448473979,True,True,0.0,2022-11,16864
v9_path,2022-11,over15,0.495695847575099,0.4943691240976397,PROMOTE,0.46141207257244515,0.46141207257244515,0.47568587067847484,True,True,0.0,2022-11,16864
v9_path,2022-11,over25,0.6308818413479382,0.6046124578407464,PROMOTE,0.654397258470512,0.654397258470512,0.6701089518267548,True,True,0.0,2022-11,16864
v9_path,2022-11,over35,0.5406515937675089,0.511892400656894,PROMOTE,0.6635222822488304,0.6635222822488304,0.6564645502159883,False,False,0.007057732032842101,2022-11,16864
v9_path,2022-12,btts,0.6153649787359887,0.6194162929184104,PROMOTE,0.7246276263303602,0.7246276263303602,0.7125903043855061,False,False,0.012037321944854074,2022-12,17155
v9_path,2022-12,over15,0.49510415207271935,0.4894176214260927,PROMOTE,0.5000092760965467,0.5000092760965467,0.5028980333311917,True,True,0.0,2022-12,17155
v9_path,2022-12,over25,0.6146674230814481,0.6084382250427324,PROMOTE,0.6843384548028643,0.6843384548028643,0.6834320011975061,False,False,0.0009064536053581262,2022-12,17155
v9_path,2022-12,over35,0.5352251100850942,0.5518520916489649,REJECT,0.5853046762624102,0.5697309795443203,0.5853046762624102,True,False,0.015573696718089947,2022-11,17155
v9_path,2023-01,btts,0.6320574789123283,0.6231899348928563,PROMOTE,0.6677415062297791,0.6677415062297791,0.6648783093334701,False,False,0.0028631968963089838,2023-01,17312
v9_path,2023-01,over15,0.4807734502436615,0.4624723282021902,PROMOTE,0.5814286958914981,0.5814286958914981,0.5745014131482608,False,False,0.006927282743237395,2023-01,17312
v9_path,2023-01,over25,0.6150689681005087,0.6096762263959087,PROMOTE,0.6667352388947966,0.6667352388947966,0.6690165790398537,True,True,0.0,2023-01,17312
v9_path,2023-01,over35,0.5650206940242206,0.5426896739490189,PROMOTE,0.5424013468340415,0.5424013468340415,0.5284351400326092,False,False,0.013966206801432346,2023-01,17312
v9_path,2023-02,btts,0.6336944673884597,0.6127019865579787,PROMOTE,0.6859356094042178,0.6859356094042178,0.6893087645993206,True,True,0.0,2023-02,17432
v9_path,2023-02,over15,0.4563449649107798,0.45047999745921624,PROMOTE,0.5736333797841923,0.5736333797841923,0.5657981630094188,False,False,0.007835216774773501,2023-02,17432
v9_path,2023-02,over25,0.6146415090326408,0.5946978961660868,PROMOTE,0.6733950320668404,0.6733950320668404,0.6873079958884809,True,True,0.0,2023-02,17432
v9_path,2023-02,over35,0.5563454800556795,0.5404703514750431,PROMOTE,0.5222615685640805,0.5222615685640805,0.5293323689497964,True,True,0.0,2023-02,17432
v9_path,2023-03,btts,0.651232810924698,0.5916371505798438,PROMOTE,0.6945276396877575,0.6945276396877575,0.6869238295014334,False,False,0.007603810186324167,2023-03,17767
v9_path,2023-03,over15,0.5322041261372485,0.5009431671298543,PROMOTE,0.5619848612931309,0.5619848612931309,0.5566147642518139,False,False,0.005370097041316968,2023-03,17767
v9_path,2023-03,over25,0.6409541692434325,0.6113749412537853,PROMOTE,0.6859375179170163,0.6859375179170163,0.6906927615353327,True,True,0.0,2023-03,17767
v9_path,2023-03,over35,0.509868626949475,0.49285300873278515,PROMOTE,0.5741536552364946,0.5741536552364946,0.5829971933697886,True,True,0.0,2023-03,17767
v9_path,2023-04,btts,0.6396660705273238,0.6079227266815136,PROMOTE,0.6861859051645188,0.6861859051645188,0.6886327899674878,True,True,0.0,2023-04,18175
v9_path,2023-04,over15,0.5385754580525067,0.5026041826045478,PROMOTE,0.5612009737245603,0.5612009737245603,0.5672831598056992,True,True,0.0,2023-04,18175
v9_path,2023-04,over25,0.6449648917929293,0.6009973508373317,PROMOTE,0.6869165683295037,0.6869165683295037,0.689051350427704,True,True,0.0,2023-04,18175
v9_path,2023-04,over35,0.5259894365146377,0.4993620693632198,PROMOTE,0.5475621874460027,0.5475621874460027,0.5483511293854364,True,True,0.0,2023-04,18175
v9_path,2023-05,btts,0.6500421737447274,0.5779259027301147,PROMOTE,0.6792408326494015,0.6792408326494015,0.68065323149238,True,True,0.0,2023-05,19026
v9_path,2023-05,over15,0.5326069326022793,0.5098950747898745,PROMOTE,0.5606334262795805,0.5606334262795805,0.5656268402125951,True,True,0.0,2023-05,19026
v9_path,2023-05,over25,0.6474394327731801,0.6045526640840796,PROMOTE,0.6738472753895018,0.6738472753895018,0.6838298850243837,True,True,0.0,2023-05,19026
v9_path,2023-05,over35,0.5262846054126418,0.4974393707399289,PROMOTE,0.5846044756653245,0.5846044756653245,0.587163675132018,True,True,0.0,2023-05,19026
v9_path,2023-06,btts,0.6214824298709697,0.5987808852320858,PROMOTE,0.6660727445418134,0.6660727445418134,0.6713207336850816,True,True,0.0,2023-06,19892
v9_path,2023-06,over15,0.5310063050997478,0.5132691175602071,PROMOTE,0.5614551253429749,0.5614551253429749,0.557511449075975,False,False,0.003943676266999874,2023-06,19892
v9_path,2023-06,over25,0.635067951586179,0.6298595997664904,PROMOTE,0.67333033573045,0.67333033573045,0.6763324668879391,True,True,0.0,2023-06,19892
v9_path,2023-06,over35,0.5372845753502077,0.514513889730455,PROMOTE,0.5700025899618457,0.5700025899618457,0.5724780605933115,True,True,0.0,2023-06,19892
v9_path,2023-07,btts,0.6111181834309444,0.6061775940427141,PROMOTE,0.6561333782908252,0.6561333782908252,0.665783908001165,True,True,0.0,2023-07,20407
v9_path,2023-07,over15,0.5250408177540024,0.5246879508653868,PROMOTE,0.5524080794313286,0.5524080794313286,0.5526468170596068,True,True,0.0,2023-07,20407
v9_path,2023-07,over25,0.6392107019510528,0.6165538645450884,PROMOTE,0.6615479364439576,0.6615479364439576,0.6604180674457057,False,False,0.0011298689982518484,2023-07,20407
v9_path,2023-07,over35,0.5248810016726166,0.50456884925531,PROMOTE,0.5605165581441222,0.5605165581441222,0.5604774443765579,False,False,3.911376756426943e-05,2023-07,20407
v9_path,2023-08,btts,0.618879022803199,0.6111974292147593,PROMOTE,0.6864197559835921,0.6864197559835921,0.6887481291835206,True,True,0.0,2023-08,21137
v9_path,2023-08,over15,0.5332666199478167,0.5054315115569171,PROMOTE,0.5555113503293759,0.5555113503293759,0.5597209827552707,True,True,0.0,2023-08,21137
v9_path,2023-08,over25,0.6272175005684577,0.5895500142132707,PROMOTE,0.6855641883839284,0.6855641883839284,0.6836755735832167,False,False,0.0018886148007116743,2023-08,21137
v9_path,2023-08,over35,0.528978070414771,0.5027891236206383,PROMOTE,0.5724352976310243,0.5724352976310243,0.5750644370079647,True,True,0.0,2023-08,21137
v9_path,2023-09,btts,0.6449544237871438,0.6010438720357805,PROMOTE,0.6800680581159521,0.6800680581159521,0.6762264812264264,False,False,0.0038415768895256885,2023-09,22287
v9_path,2023-09,over15,0.5271766775291463,0.5211864054735196,PROMOTE,0.5350491078824974,0.5350491078824974,0.5360956353099513,True,True,0.0,2023-09,22287
v9_path,2023-09,over25,0.6299756894543214,0.6248269764094868,PROMOTE,0.681797412359247,0.681797412359247,0.6886759263089735,True,True,0.0,2023-09,22287
v9_path,2023-09,over35,0.5327926937893164,0.5185166058513889,PROMOTE,0.5959477439496953,0.5959477439496953,0.5949226701984808,False,False,0.0010250737512145225,2023-09,22287
v9_path,2023-10,btts,0.6387385214187965,0.6384766443802448,PROMOTE,0.6756988590692332,0.6756988590692332,0.6793379742458591,True,True,0.0,2023-10,23755
v9_path,2023-10,over15,0.5261541990501173,0.5006020966234319,PROMOTE,0.5378828529066643,0.5378828529066643,0.5410442869304085,True,True,0.0,2023-10,23755
v9_path,2023-10,over25,0.6507928038406857,0.6174077080709267,PROMOTE,0.6719631670744896,0.6719631670744896,0.6726006729249625,True,True,0.0,2023-10,23755
v9_path,2023-10,over35,0.5523614322821186,0.5261956333666653,PROMOTE,0.5960083822329136,0.5960083822329136,0.5941323865193145,False,False,0.001875995713599088,2023-10,23755
v9_path,2023-11,btts,0.6535646442364919,0.6386968957759966,PROMOTE,0.6808874829609884,0.6808874829609884,0.68507989174547,True,True,0.0,2023-11,25163
v9_path,2023-11,over15,0.5139649580209009,0.4769815102012129,PROMOTE,0.5328364177599708,0.5328364177599708,0.5355432334992362,True,True,0.0,2023-11,25163
v9_path,2023-11,over25,0.6404778460796607,0.62797329657417,PROMOTE,0.6740717969124105,0.6740717969124105,0.6787877791970032,True,True,0.0,2023-11,25163
v9_path,2023-11,over35,0.5550902081543511,0.5231723244821135,PROMOTE,0.5980942692393885,0.5980942692393885,0.6004812700829125,True,True,0.0,2023-11,25163
v9_path,2023-12,btts,0.6469729911706711,0.63210667690999,PROMOTE,0.6784754181830918,0.6784754181830918,0.6811068186562511,True,True,0.0,2023-12,26224
v9_path,2023-12,over15,0.4843727605557056,0.47676313969777456,PROMOTE,0.5459518245075774,0.5459518245075774,0.5461515485563011,True,True,0.0,2023-12,26224
v9_path,2023-12,over25,0.6369787027537048,0.6132067105547658,PROMOTE,0.6863619163512314,0.6863619163512314,0.683493327833404,False,False,0.002868588517827453,2023-12,26224
v9_path,2023-12,over35,0.5455657868997065,0.5355336589342791,PROMOTE,0.5794178723085126,0.5794178723085126,0.5796761393487059,True,True,0.0,2023-12,26224
v9_path,2024-01,btts,0.647591582209586,0.6316736522420651,PROMOTE,0.6697594367323876,0.6697594367323876,0.6698743168353123,True,True,0.0,2024-01,27202
v9_path,2024-01,over15,0.4963259553736505,0.4849509024357805,PROMOTE,0.5421661831405873,0.5421661831405873,0.5343775983950448,False,False,0.007788584745542448,2024-01,27202
v9_path,2024-01,over25,0.6345889467116033,0.6136711437704169,PROMOTE,0.6777845407713436,0.6777845407713436,0.6830873851787784,True,True,0.0,2024-01,27202
v9_path,2024-01,over35,0.5483576786163058,0.5398138431973404,PROMOTE,0.6055982008593115,0.6055982008593115,0.6000602384898912,False,False,0.0055379623694202795,2024-01,27202
v9_path,2024-02,btts,0.6447504131012171,0.6285984230080521,PROMOTE,0.667160979429336,0.667160979429336,0.6670677337260177,False,False,9.324570331836757e-05,2024-02,27932
v9_path,2024-02,over15,0.5014045788248994,0.4723817336889151,PROMOTE,0.5434515120884194,0.5434515120884194,0.545041458027294,True,True,0.0,2024-02,27932
v9_path,2024-02,over25,0.6345274287014245,0.6166726835777506,PROMOTE,0.6772944437482469,0.6772944437482469,0.6771617859910697,False,False,0.0001326577571771903,2024-02,27932
v9_path,2024-02,over35,0.5561442320710493,0.5397385004301934,PROMOTE,0.5829061127032649,0.5829061127032649,0.5815505268288887,False,False,0.0013555858743761195,2024-02,27932
v9_path,2024-03,btts,0.6431525701397418,0.6265879778931872,PROMOTE,0.6794461645198947,0.6794461645198947,0.6801431446948809,True,True,0.0,2024-03,29094
v9_path,2024-03,over15,0.5033200396528628,0.4921811504302305,PROMOTE,0.578176773143033,0.578176773143033,0.580969139354315,True,True,0.0,2024-03,29094
v9_path,2024-03,over25,0.6422114712933845,0.6096528652023038,PROMOTE,0.6825765522658537,0.6825765522658537,0.677056215829797,False,False,0.00552033643605665,2024-03,29094
v9_path,2024-03,over35,0.5549230290062857,0.5257974233413636,PROMOTE,0.5817077009959365,0.5817077009959365,0.5827781881726547,True,True,0.0,2024-03,29094
v9_path,2024-04,btts,0.6465209275447589,0.6254575541164878,PROMOTE,0.6704160908555086,0.6704160908555086,0.6686545785288267,False,False,0.0017615123266818689,2024-04,30402
v9_path,2024-04,over15,0.5269793771392419,0.5164268833417318,PROMOTE,0.5438293045729945,0.5438293045729945,0.5433633678336972,False,False,0.0004659367392972902,2024-04,30402
v9_path,2024-04,over25,0.6375246451977487,0.6336713366947977,PROMOTE,0.6789856711251444,0.6789856711251444,0.6793340619029434,True,True,0.0,2024-04,30402
v9_path,2024-04,over35,0.5504957403228059,0.526621881626616,PROMOTE,0.5962573196975088,0.5962573196975088,0.6012746720662852,True,True,0.0,2024-04,30402
v9_path,2024-05,btts,0.6440232891377716,0.6212931967723405,PROMOTE,0.662390598146833,0.662390598146833,0.6649663770196778,True,True,0.0,2024-05,32108
v9_path,2024-05,over15,0.5294069712995645,0.5092317884044485,PROMOTE,0.5210036641427288,0.5210036641427288,0.5188497363262441,False,False,0.002153927816484713,2024-05,32108
v9_path,2024-05,over25,0.6527279948268987,0.6346629078940447,PROMOTE,0.6621576732776423,0.6621576732776423,0.6606257425396139,False,False,0.0015319307380283753,2024-05,32108
v9_path,2024-05,over35,0.5530644770273788,0.5340730957379531,PROMOTE,0.6171382829832672,0.6171382829832672,0.6240150730853246,True,True,0.0,2024-05,32108
v9_path,2024-06,btts,0.6336603477272889,0.6192814513435937,PROMOTE,0.6487441247906727,0.6487441247906727,0.6451474899368531,False,False,0.003596634853819558,2024-06,33353
v9_path,2024-06,over15,0.5144324303539335,0.49882582905069284,PROMOTE,0.5477973705635562,0.5477973705635562,0.540330026193172,False,False,0.007467344370384099,2024-06,33353
v9_path,2024-06,over25,0.6427405385585879,0.5885426387086169,PROMOTE,0.6560004319866704,0.6560004319866704,0.6602601455606443,True,True,0.0,2024-06,33353
v9_path,2024-06,over35,0.5606010878511747,0.5352960645377485,PROMOTE,0.5640785383619528,0.5640785383619528,0.5599805956705535,False,False,0.004097942691399292,2024-06,33353
v9_path,2024-07,btts,0.6200372937448597,0.5764539112570817,PROMOTE,0.6505607951652486,0.6505607951652486,0.6441410683365948,False,False,0.006419726828653771,2024-07,33916
v9_path,2024-07,over15,0.49718258488998107,0.44737883518269217,PROMOTE,0.513256010638034,0.513256010638034,0.513756274002317,True,True,0.0,2024-07,33916
v9_path,2024-07,over25,0.5971117158097649,0.5958589238496502,PROMOTE,0.658058560376265,0.658058560376265,0.6573563420741192,False,False,0.0007022183021457851,2024-07,33916
v9_path,2024-07,over35,0.5437823328523894,0.5356412141756514,PROMOTE,0.567889006237635,0.567889006237635,0.5667308868757778,False,False,0.0011581193618572794,2024-07,33916
v9_path,2024-08,btts,0.5911313090054733,0.6093851372539356,REJECT,0.6686170520290414,0.6692171611347254,0.6686170520290414,False,True,0.0,2024-07,34590
v9_path,2024-08,over15,0.4575275328208589,0.49014572475991874,REJECT,0.5847665816943091,0.5805128815544335,0.5847665816943091,True,False,0.0042537001398755825,2024-07,34590
v9_path,2024-08,over25,0.6053230506798235,0.6006256374866318,PROMOTE,0.6835367846022238,0.6835367846022238,0.6835827912297311,True,True,0.0,2024-08,34590
v9_path,2024-08,over35,0.5430898620869332,0.5117782870683095,PROMOTE,0.5896950031879638,0.5896950031879638,0.5925338199006627,True,True,0.0,2024-08,34590
v9_path,2024-09,btts,0.6385261250431332,0.5925052104452434,PROMOTE,0.6657112931023608,0.6657112931023608,0.6732224404124102,True,True,0.0,2024-09,35842
v9_path,2024-09,over15,0.5316773875313145,0.524286713392402,PROMOTE,0.5465402292558144,0.5465402292558144,0.5413043030350136,False,False,0.005235926220800713,2024-09,35842
v9_path,2024-09,over25,0.6392502795927818,0.5529191223190827,PROMOTE,0.6922139049313563,0.6922139049313563,0.6849865865671898,False,False,0.007227318364166457,2024-09,35842
v9_path,2024-09,over35,0.5386957290375848,0.5279824600851452,PROMOTE,0.5892161862999019,0.5892161862999019,0.5912798527559346,True,True,0.0,2024-09,35842
v9_path,2024-10,btts,0.6273542389756772,0.611880617927321,PROMOTE,0.6671782754127976,0.6671782754127976,0.666019269036962,False,False,0.0011590063758356584,2024-10,37244
v9_path,2024-10,over15,0.5355062147361341,0.5074822562943998,PROMOTE,0.5716502111263778,0.5716502111263778,0.5705425353357139,False,False,0.0011076757906639534,2024-10,37244
v9_path,2024-10,over25,0.6138385471130089,0.6282016524798354,REJECT,0.6726803281055798,0.6704673618601417,0.6726803281055798,True,False,0.002212966245438097,2024-09,37244
v9_path,2024-10,over35,0.5566444633053291,0.5400700466441953,PROMOTE,0.5599938974451292,0.5599938974451292,0.5618610593762382,True,True,0.0,2024-10,37244
v9_path,2024-11,btts,0.634076034691928,0.6287537444887842,PROMOTE,0.6732064981818694,0.6732064981818694,0.670646615360258,False,False,0.002559882821611348,2024-11,38556
v9_path,2024-11,over15,0.5348598875063787,0.5152588800341552,PROMOTE,0.604720107962534,0.604720107962534,0.6093068645924987,True,True,0.0,2024-11,38556
v9_path,2024-11,over25,0.6458525390646592,0.6295473209161363,PROMOTE,0.6699330797757013,0.6699330797757013,0.6824172213354173,True,True,0.0,2024-11,38556
v9_path,2024-11,over35,0.5493359821979933,0.5369880280007684,PROMOTE,0.5395763055397307,0.5395763055397307,0.5411474752883858,True,True,0.0,2024-11,38556
v9_path,2024-12,btts,0.6418239688677531,0.6323378319580999,PROMOTE,0.6684685687614906,0.6684685687614906,0.6655189608416451,False,False,0.002949607919845554,2024-12,39749
v9_path,2024-12,over15,0.5383948820665517,0.5339155872843556,PROMOTE,0.5388954410459952,0.5388954410459952,0.5368191347311299,False,False,0.0020763063148653282,2024-12,39749
v9_path,2024-12,over25,0.640695188247558,0.6152910245290052,PROMOTE,0.6712841626769703,0.6712841626769703,0.6725090926338375,True,True,0.0,2024-12,39749
v9_path,2024-12,over35,0.5352144434046,0.519681831559649,PROMOTE,0.5675008908955798,0.5675008908955798,0.5674370621087517,False,False,6.382878682809068e-05,2024-12,39749
v9_path,2025-01,btts,0.6430411066858133,0.5898771826309243,PROMOTE,0.6742871861173411,0.6742871861173411,0.6740338143175372,False,False,0.000253371799803892,2025-01,40741
v9_path,2025-01,over15,0.5460409314473711,0.5349879507932678,PROMOTE,0.5700712018966207,0.5700712018966207,0.5743204515179288,True,True,0.0,2025-01,40741
v9_path,2025-01,over25,0.6294031736597502,0.636111076455365,REJECT,0.6803303008263788,0.6804158363036287,0.6803303008263788,False,True,0.0,2024-12,40741
v9_path,2025-01,over35,0.5247022207915077,0.5057466676786834,PROMOTE,0.5635727055741429,0.5635727055741429,0.5643885951529147,True,True,0.0,2025-01,40741
v9_path,2025-02,btts,0.6159672392583474,0.628134603702785,REJECT,0.6688061132986253,0.6711701898604389,0.6688061132986253,False,True,0.0,2025-01,41570
v9_path,2025-02,over15,0.5446256987318026,0.5170832499360191,PROMOTE,0.5781749855585219,0.5781749855585219,0.5789173516770895,True,True,0.0,2025-02,41570
v9_path,2025-02,over25,0.6508340627036795,0.6154484410211073,PROMOTE,0.6652949355881222,0.6652949355881222,0.6691331300671814,True,True,0.0,2025-02,41570
v9_path,2025-02,over35,0.5186579061414155,0.5211051784373596,PROMOTE,0.5418155106970407,0.5418155106970407,0.5417231335678425,False,False,9.237712919818453e-05,2025-02,41570
v9_path,2025-03,btts,0.64499512997046,0.6299869465333747,PROMOTE,0.6800163914290126,0.6800163914290126,0.6790171414948667,False,False,0.0009992499341459071,2025-03,42701
v9_path,2025-03,over15,0.5296144650574602,0.5331309631355489,PROMOTE,0.5794199874579501,0.5794199874579501,0.579811659995606,True,True,0.0,2025-03,42701
v9_path,2025-03,over25,0.6354248080587341,0.6433504732846513,REJECT,0.6771252772154077,0.6766801758575138,0.6771252772154077,True,False,0.0004451013578938845,2025-02,42701
v9_path,2025-03,over35,0.5346230620909488,0.5025902256007071,PROMOTE,0.543912579858391,0.543912579858391,0.5371856232149728,False,False,0.006726956643418269,2025-03,42701
v9_path,2025-04,btts,0.6509080793992118,0.6334580656237861,PROMOTE,0.6707509940766687,0.6707509940766687,0.6690483652298269,False,False,0.0017026288468418027,2025-04,43975
v9_path,2025-04,over15,0.559060309473202,0.5279103117366309,PROMOTE,0.5525793299365485,0.5525793299365485,0.5516903393408329,False,False,0.0008889905957155664,2025-04,43975
v9_path,2025-04,over25,0.6589240649927461,0.639175048858581,PROMOTE,0.6720800762067527,0.6720800762067527,0.6710851363817554,False,False,0.0009949398249973207,2025-04,43975
v9_path,2025-04,over35,0.5174319971769518,0.519326545741373,PROMOTE,0.5789935057169999,0.5789935057169999,0.5786315421708689,False,False,0.00036196354613105,2025-04,43975
v9_path,2025-05,btts,0.6484542384176134,0.6360235252524536,PROMOTE,0.6681029017367713,0.6681029017367713,0.6729333274367526,True,True,0.0,2025-05,45501
v9_path,2025-05,over15,0.539220000096311,0.5279387960935921,PROMOTE,0.5406122430468597,0.5406122430468597,0.5397902021894317,False,False,0.0008220408574279858,2025-05,45501
v9_path,2025-05,over25,0.6519594032502163,0.6394539281758439,PROMOTE,0.6796009879042485,0.6796009879042485,0.6816692714020179,True,True,0.0,2025-05,45501
v9_path,2025-05,over35,0.5398569470239118,0.5140768913140072,PROMOTE,0.6027800007808384,0.6027800007808384,0.6065374466431194,True,True,0.0,2025-05,45501
v9_path,2025-06,btts,0.6469237695483512,0.6278176545339901,PROMOTE,0.6665529983238924,0.6665529983238924,0.6655826872173318,False,False,0.0009703111065605396,2025-06,46659
v9_path,2025-06,over15,0.5290541115926028,0.5076015082475369,PROMOTE,0.5133597163123581,0.5133597163123581,0.5035672721476356,False,False,0.00979244416472247,2025-06,46659
v9_path,2025-06,over25,0.6525042697622956,0.6449980616741382,PROMOTE,0.6682051686936094,0.6682051686936094,0.670939909246254,True,True,0.0,2025-06,46659
v9_path,2025-06,over35,0.5451978805551354,0.5182080890369034,PROMOTE,0.6101252813927284,0.6101252813927284,0.6074810639853551,False,False,0.002644217407373306,2025-06,46659
v9_path,2025-07,btts,0.6294593471680019,0.640586282206746,REJECT,0.6657733834079318,0.6673128061282327,0.6657733834079318,False,True,0.0,2025-06,46954
v9_path,2025-07,over15,0.49921454207398835,0.5110562736764961,REJECT,0.5496291301935963,0.5461714504197611,0.5496291301935963,True,False,0.003457679773835154,2025-06,46954
v9_path,2025-07,over25,0.6464981727887786,0.6394104025989285,PROMOTE,0.6704220758894429,0.6704220758894429,0.6695943119607731,False,False,0.0008277639286697891,2025-07,46954
v9_path,2025-07,over35,0.5427373973805107,0.5016530597439932,PROMOTE,0.6317498061780948,0.6317498061780948,0.6310156030135908,False,False,0.0007342031645040104,2025-07,46954
v9_path,2025-08,btts,0.6386788923259727,0.6401508250196581,PROMOTE,0.6817797861329915,0.6817797861329915,0.6831952669155693,True,True,0.0,2025-08,47400
v9_path,2025-08,over15,0.5045997435501564,0.4839800456154413,PROMOTE,0.5461412960848633,0.5461412960848633,0.54746469316607,True,True,0.0,2025-08,47400
v9_path,2025-08,over25,0.6474926532984209,0.6534047582849902,REJECT,0.6795579693020075,0.6799724817691791,0.6795579693020075,False,True,0.0,2025-07,47400
v9_path,2025-08,over35,0.5414415528171234,0.5557967424971053,REJECT,0.5810622950976898,0.5783324806438692,0.5810622950976898,True,False,0.0027298144538205893,2025-07,47400
v9_path,2025-09,btts,0.6672509823885805,0.6360882483019735,PROMOTE,0.6773138938422915,0.6773138938422915,0.6802809155437204,True,True,0.0,2025-09,48682
v9_path,2025-09,over15,0.521970569713478,0.5181359901173047,PROMOTE,0.5420814005735537,0.5420814005735537,0.5447787206614157,True,True,0.0,2025-09,48682
v9_path,2025-09,over25,0.6707334437276795,0.653991263355269,PROMOTE,0.6751524809302624,0.6751524809302624,0.6763430839295959,True,True,0.0,2025-09,48682
v9_path,2025-09,over35,0.585399577920957,0.5671500373250367,PROMOTE,0.5924650414928342,0.5924650414928342,0.5988958421785107,True,True,0.0,2025-09,48682
v9_path,2025-10,btts,0.6544053579750654,0.6397527803724147,PROMOTE,0.6618291217379527,0.6618291217379527,0.6603899073115524,False,False,0.0014392144264002704,2025-10,49814
v9_path,2025-10,over15,0.5305837802366496,0.5145696451801487,PROMOTE,0.5217196148001814,0.5217196148001814,0.519585632124836,False,False,0.0021339826753453695,2025-10,49814
v9_path,2025-10,over25,0.6639977844391924,0.6120618711582789,PROMOTE,0.6718868854884898,0.6718868854884898,0.6719094296945796,True,True,0.0,2025-10,49814
v9_path,2025-10,over35,0.5758256595533998,0.5479081054365497,PROMOTE,0.5836522329966259,0.5836522329966259,0.5820798772368648,False,False,0.0015723557597611126,2025-10,49814
v9_path,2025-11,btts,0.6483754779187066,0.6499233197301034,PROMOTE,0.681189663159738,0.681189663159738,0.6811921140541974,True,True,0.0,2025-11,50939
v9_path,2025-11,over15,0.5159469776738828,0.5012086405799805,PROMOTE,0.5560075915028377,0.5560075915028377,0.5572256772918338,True,True,0.0,2025-11,50939
v9_path,2025-11,over25,0.6332452411686278,0.6406838426060839,REJECT,0.678022733008112,0.6765458715196958,0.678022733008112,True,False,0.0014768614884161924,2025-10,50939
v9_path,2025-11,over35,0.5555287300771142,0.5481021948462881,PROMOTE,0.5861860855702882,0.5861860855702882,0.5853927128314987,False,False,0.0007933727387894329,2025-11,50939
v9_path,2025-12,btts,0.6588224173608535,0.6502060733886836,PROMOTE,0.6756090113102674,0.6756090113102674,0.6724578239259524,False,False,0.0031511873843149685,2025-12,52064
v9_path,2025-12,over15,0.5162990218843662,0.5121983853836324,PROMOTE,0.5478533651816581,0.5478533651816581,0.5508708496618795,True,True,0.0,2025-12,52064
v9_path,2025-12,over25,0.6548989786813626,0.6390531413908288,PROMOTE,0.6896415210783868,0.6896415210783868,0.6919959159693757,True,True,0.0,2025-12,52064
v9_path,2025-12,over35,0.5639846934632536,0.5651789064365574,PROMOTE,0.5700347096379741,0.5700347096379741,0.5697986259751822,False,False,0.0002360836627919305,2025-12,52064
v9_path,2026-01,btts,0.6552739088711349,0.6460747961115169,PROMOTE,0.6691350251563966,0.6691350251563966,0.6677207396468668,False,False,0.0014142855095297113,2026-01,52861
v9_path,2026-01,over15,0.5201941819016057,0.49305470729708717,PROMOTE,0.5656781299669347,0.5656781299669347,0.5691301424708888,True,True,0.0,2026-01,52861
v9_path,2026-01,over25,0.6521871384950996,0.6441009942866762,PROMOTE,0.674333464454872,0.674333464454872,0.6757378098029747,True,True,0.0,2026-01,52861
v9_path,2026-01,over35,0.5647012140516263,0.5469052188757293,PROMOTE,0.5561731282517121,0.5561731282517121,0.5536468220007326,False,False,0.002526306250979493,2026-01,52861
v9_path,2026-02,btts,0.6571548856908637,0.6337449219142041,PROMOTE,0.6676129353645963,0.6676129353645963,0.6656966181767103,False,False,0.0019163171878859853,2026-02,53764
v9_path,2026-02,over15,0.523724218698619,0.5145649007281142,PROMOTE,0.5496534170738507,0.5496534170738507,0.5538251479567566,True,True,0.0,2026-02,53764
v9_path,2026-02,over25,0.6555251150369893,0.6324840394188587,PROMOTE,0.6739584408348801,0.6739584408348801,0.6689634605717164,False,False,0.004994980263163695,2026-02,53764
v9_path,2026-02,over35,0.5481374823216603,0.5072070239687141,PROMOTE,0.5772705434093716,0.5772705434093716,0.5738205443263344,False,False,0.003449999083037114,2026-02,53764
v9_path,2026-03,btts,0.645053845471123,0.6256546905285671,PROMOTE,0.6660800451768216,0.6660800451768216,0.6681805947252001,True,True,0.0,2026-03,54963
v9_path,2026-03,over15,0.5286965449306917,0.5194694023843448,PROMOTE,0.5553950118665376,0.5553950118665376,0.5548097238322918,False,False,0.0005852880342458455,2026-03,54963
v9_path,2026-03,over25,0.6492024710704647,0.6410954442851271,PROMOTE,0.6709463365583592,0.6709463365583592,0.6720944763960334,True,True,0.0,2026-03,54963
v9_path,2026-03,over35,0.5279040171337704,0.533982717156501,REJECT,0.5837638189524066,0.5805227657400238,0.5837638189524066,True,False,0.0032410532123827718,2026-02,54963
v9_path,2026-04,btts,0.6395668172214303,0.6227769704572347,PROMOTE,0.6737498891481425,0.6737498891481425,0.6645852053618836,False,False,0.009164683786258898,2026-04,56232
v9_path,2026-04,over15,0.5337208566055561,0.527607262615016,PROMOTE,0.5255283784800395,0.5255283784800395,0.5250517473981746,False,False,0.0004766310818649089,2026-04,56232
v9_path,2026-04,over25,0.6498941163091719,0.642527891955329,PROMOTE,0.6808964370008564,0.6808964370008564,0.6809876522435144,True,True,0.0,2026-04,56232
v9_path,2026-04,over35,0.5531624069783989,0.5304741454483236,PROMOTE,0.6030574022944376,0.6030574022944376,0.6037388383806559,True,True,0.0,2026-04,56232
v9_path,2026-05,btts,0.6430599051616553,0.6366302532733099,PROMOTE,0.6516244204580363,0.6516244204580363,0.6514801268604458,False,False,0.00014429359759049465,2026-05,57852
v9_path,2026-05,over15,0.5249828472228635,0.5012655121415225,PROMOTE,0.49040660130776115,0.49040660130776115,0.4890039084183338,False,False,0.0014026928894273483,2026-05,57852
v9_path,2026-05,over25,0.6569044631077303,0.6488949413414034,PROMOTE,0.6629705416765955,0.6629705416765955,0.6607638904757802,False,False,0.0022066512008153127,2026-05,57852
v9_path,2026-05,over35,0.5631106623320347,0.5622939035565173,PROMOTE,0.6134622637834052,0.6134622637834052,0.6140757245677296,True,True,0.0,2026-05,57852
v9_path,2026-06,btts,0.640769088801586,0.6232451543298128,PROMOTE,0.6480899380731318,0.6480899380731318,0.6394827496789766,False,False,0.008607188394155196,2026-06,59075
v9_path,2026-06,over15,0.4944505939486099,0.48699933772102294,PROMOTE,0.4810581949673115,0.4810581949673115,0.47360070275091853,False,False,0.007457492216392969,2026-06,59075
v9_path,2026-06,over25,0.6541756400740646,0.6483876359274346,PROMOTE,0.6824741872989488,0.6824741872989488,0.6881301576156845,True,True,0.0,2026-06,59075
v9_path,2026-06,over35,0.5807901210119287,0.5665309574041109,PROMOTE,0.6684004220395863,0.6684004220395863,0.6750650916943406,True,True,0.0,2026-06,59075
v9_path,2026-07,btts,0.620431838311494,0.6382530856536783,REJECT,0.6602481521647526,0.6592521812498177,0.6602481521647526,True,False,0.0009959709149349738,2026-06,59167
v9_path,2026-07,over15,0.47277633962605536,0.4675240099324333,PROMOTE,0.5388703120311789,0.5388703120311789,0.540052183738006,True,True,0.0,2026-07,59167
v9_path,2026-07,over25,0.6496203838801173,0.6385989276594682,PROMOTE,0.6766733106343258,0.6766733106343258,0.6704213991630181,False,False,0.0062519114713076585,2026-07,59167
v9_path,2026-07,over35,0.5740326414081466,0.556349731961796,PROMOTE,0.5658427940991441,0.5658427940991441,0.5649304408372584,False,False,0.0009123532618856567,2026-07,59167
v9_path,2026-08,btts,0.6235529708159123,0.6166956772453506,PROMOTE,0.6478320220568448,0.6478320220568448,0.6492634349515011,True,True,0.0,2026-08,59607
v9_path,2026-08,over15,0.4683000766071097,0.4698667212924371,PROMOTE,0.5194550782299111,0.5194550782299111,0.5201442828975574,True,True,0.0,2026-08,59607
v9_path,2026-08,over25,0.6372828217968577,0.6342695518267032,PROMOTE,0.6549480738350935,0.6549480738350935,0.6545601543369778,False,False,0.00038791949811567417,2026-08,59607
v9_path,2026-08,over35,0.5626615464248524,0.5704341117042322,REJECT,0.5991746757733933,0.5999863676569469,0.5991746757733933,False,True,0.0,2026-07,59607
v9_path,2026-09,btts,0.6402162589037439,0.6270697361094735,PROMOTE,0.6823060380660855,0.6823060380660855,0.6814298837948625,False,False,0.0008761542712230064,2026-09,60990
v9_path,2026-09,over15,0.512480499445372,0.4725415546802878,PROMOTE,0.5215727479692942,0.5215727479692942,0.5187751365036675,False,False,0.002797611465626737,2026-09,60990
v9_path,2026-09,over25,0.6512134783860116,0.6373700978567399,PROMOTE,0.6801044608651681,0.6801044608651681,0.6802104010395845,True,True,0.0,2026-09,60990
v9_path,2026-09,over35,0.5919055597726,0.5685328036974914,PROMOTE,0.6215751938853133,0.6215751938853133,0.6289820643743774,True,True,0.0,2026-09,60990
canonical,2022-08,btts,,,PROMOTE,0.6930648107534004,0.6930648107534004,,,,,2022-08,28284
canonical,2022-08,over15,,,PROMOTE,0.5656314046827714,0.5656314046827714,,,,,2022-08,28284
canonical,2022-08,over25,,,PROMOTE,0.678856312208416,0.678856312208416,,,,,2022-08,28284
canonical,2022-08,over35,,,PROMOTE,0.5989351447922585,0.5989351447922585,,,,,2022-08,28284
canonical,2022-09,btts,0.6573900477567799,0.6518943914018424,PROMOTE,0.6921572562078102,0.6921572562078102,0.6900768174664221,False,False,0.00208043874138808,2022-09,29746
canonical,2022-09,over15,0.5467727397604,0.5317015771158257,PROMOTE,0.5618715316001652,0.5618715316001652,0.5640894788237768,True,True,0.0,2022-09,29746
canonical,2022-09,over25,0.6573303920834391,0.6181152914223199,PROMOTE,0.6784104127706583,0.6784104127706583,0.682758584807052,True,True,0.0,2022-09,29746
canonical,2022-09,over35,0.5531867227127754,0.5378817900536433,PROMOTE,0.562464787545675,0.562464787545675,0.5625557010853205,True,True,0.0,2022-09,29746
canonical,2022-10,btts,0.6650270618787024,0.6550888925895965,PROMOTE,0.6856620442154829,0.6856620442154829,0.6861674625982125,True,True,0.0,2022-10,30956
canonical,2022-10,over15,0.5429539253381531,0.5197219766643562,PROMOTE,0.5550567677327449,0.5550567677327449,0.5579764000450257,True,True,0.0,2022-10,30956
canonical,2022-10,over25,0.6393098995164183,0.6386812136544004,PROMOTE,0.68018198740266,0.68018198740266,0.6769344972899695,False,False,0.003247490112690543,2022-10,30956
canonical,2022-10,over35,0.5495134777620914,0.5140896043964828,PROMOTE,0.581634559322262,0.581634559322262,0.579787130259506,False,False,0.0018474290627560341,2022-10,30956
canonical,2022-11,btts,0.6679251541206549,0.6464829461223338,PROMOTE,0.6865741331358871,0.6865741331358871,0.6843004945812573,False,False,0.002273638554629809,2022-11,32663
canonical,2022-11,over15,0.531969860886639,0.5247018143689859,PROMOTE,0.5411977431967279,0.5411977431967279,0.5490709016025206,True,True,0.0,2022-11,32663
canonical,2022-11,over25,0.6555768189472236,0.6366952867566661,PROMOTE,0.672548556352744,0.672548556352744,0.6750656096620752,True,True,0.0,2022-11,32663
canonical,2022-11,over35,0.5442089684401185,0.5333557707718436,PROMOTE,0.6124964025605882,0.6124964025605882,0.6143161091472671,True,True,0.0,2022-11,32663
canonical,2022-12,btts,0.6541117286544894,0.6601709379359141,REJECT,0.6965527579657307,0.6936426168686218,0.6965527579657307,True,False,0.0029101410971088537,2022-11,33389
canonical,2022-12,over15,0.5273816859296367,0.5237851446939705,PROMOTE,0.559262606243307,0.559262606243307,0.5577459536051415,False,False,0.0015166526381655832,2022-12,33389
canonical,2022-12,over25,0.6455553419189743,0.6475004873029802,PROMOTE,0.6859659324293361,0.6859659324293361,0.6807256763801043,False,False,0.0052402560492318395,2022-12,33389
canonical,2022-12,over35,0.5429324494549849,0.5417351803397743,PROMOTE,0.5238033095810853,0.5238033095810853,0.5260955737934443,True,True,0.0,2022-12,33389
canonical,2023-01,btts,0.6657437849930777,0.657800396075025,PROMOTE,0.6864644792383118,0.6864644792383118,0.6891103776022481,True,True,0.0,2023-01,33947
canonical,2023-01,over15,0.5287090496751496,0.5183931765044004,PROMOTE,0.5664915386406161,0.5664915386406161,0.569619909089687,True,True,0.0,2023-01,33947
canonical,2023-01,over25,0.6553188945614811,0.6416193350643482,PROMOTE,0.6878324282997292,0.6878324282997292,0.68845758642891,True,True,0.0,2023-01,33947
canonical,2023-01,over35,0.5467272133321429,0.5294539744479662,PROMOTE,0.5672814742365828,0.5672814742365828,0.568584818838469,True,True,0.0,2023-01,33947
canonical,2023-02,btts,0.6703441614121316,0.654745455741403,PROMOTE,0.6876292300014426,0.6876292300014426,0.6862075544977678,False,False,0.0014216755036747797,2023-02,34664
canonical,2023-02,over15,0.5357326086148299,0.5276269698198119,PROMOTE,0.5837492623301699,0.5837492623301699,0.5856560995444223,True,True,0.0,2023-02,34664
canonical,2023-02,over25,0.6585702333093314,0.6283746382115711,PROMOTE,0.6762099972913294,0.6762099972913294,0.6740443110704396,False,False,0.002165686220889751,2023-02,34664
canonical,2023-02,over35,0.5426413056271694,0.5277016357552324,PROMOTE,0.5276095414854318,0.5276095414854318,0.5311502377739542,True,True,0.0,2023-02,34664
canonical,2023-03,btts,0.67025405143987,0.657029678971559,PROMOTE,0.6944218822368394,0.6944218822368394,0.6910866348987229,False,False,0.0033352473381165204,2023-03,35678
canonical,2023-03,over15,0.5558250080806186,0.5431750504632469,PROMOTE,0.5756433204778965,0.5756433204778965,0.5756980271558417,True,True,0.0,2023-03,35678
canonical,2023-03,over25,0.6527060326791554,0.626656202050815,PROMOTE,0.6766092613465917,0.6766092613465917,0.6777243943443876,True,True,0.0,2023-03,35678
canonical,2023-03,over35,0.5163945099033264,0.488800488153501,PROMOTE,0.5614107468409634,0.5614107468409634,0.5614586040065531,True,True,0.0,2023-03,35678
canonical,2023-04,btts,0.6685774806005831,0.6519745081568614,PROMOTE,0.6961360519795552,0.6961360519795552,0.6942927907824348,False,False,0.001843261197120416,2023-04,36662
canonical,2023-04,over15,0.5566025668826104,0.5401433866441249,PROMOTE,0.564885587929809,0.564885587929809,0.5669054201070699,True,True,0.0,2023-04,36662
canonical,2023-04,over25,0.6446409506995234,0.6477558610817642,PROMOTE,0.6838938348810769,0.6838938348810769,0.6858093250890221,True,True,0.0,2023-04,36662
canonical,2023-04,over35,0.5186414204832467,0.5260215107059479,REJECT,0.5762660420235804,0.5738967553754165,0.5762660420235804,True,False,0.0023692866481639374,2023-03,36662
canonical,2023-05,btts,0.6721357732523044,0.6627714391684127,PROMOTE,0.682076490163441,0.682076490163441,0.6863885467355034,True,True,0.0,2023-05,38333
canonical,2023-05,over15,0.5534444017304494,0.538404423091831,PROMOTE,0.5554398117641872,0.5554398117641872,0.5509238435872194,False,False,0.004515968176967866,2023-05,38333
canonical,2023-05,over25,0.6621866012327722,0.6424729951838006,PROMOTE,0.675219965997803,0.675219965997803,0.6759923017146827,True,True,0.0,2023-05,38333
canonical,2023-05,over35,0.5446201022694531,0.5346381763045944,PROMOTE,0.5951076352107609,0.5951076352107609,0.5905123663064794,False,False,0.004595268904281524,2023-05,38333
canonical,2023-06,btts,0.6689196812996012,0.6602542862684868,PROMOTE,0.6786921585692418,0.6786921585692418,0.6820086819067427,True,True,0.0,2023-06,39567
canonical,2023-06,over15,0.5403095572594728,0.5319852598537677,PROMOTE,0.562120412848181,0.562120412848181,0.5578014400212025,False,False,0.004318972826978573,2023-06,39567
canonical,2023-06,over25,0.6535304147704069,0.6419403162749728,PROMOTE,0.6687473743466233,0.6687473743466233,0.6780976682216826,True,True,0.0,2023-06,39567
canonical,2023-06,over35,0.560490583151449,0.5396482334687654,PROMOTE,0.5714745787840383,0.5714745787840383,0.5746150988358404,True,True,0.0,2023-06,39567
canonical,2023-07,btts,0.6613285180350453,0.6460862377012749,PROMOTE,0.6681758034187438,0.6681758034187438,0.6684203602207496,True,True,0.0,2023-07,40106
canonical,2023-07,over15,0.5319090452598491,0.527132871342061,PROMOTE,0.5432041954654327,0.5432041954654327,0.5490718646659151,True,True,0.0,2023-07,40106
canonical,2023-07,over25,0.6460383403652982,0.6360476535574366,PROMOTE,0.6607174869321449,0.6607174869321449,0.6642226682343676,True,True,0.0,2023-07,40106
canonical,2023-07,over35,0.5471863454255406,0.522619579151293,PROMOTE,0.5672507869129026,0.5672507869129026,0.5674159842348627,True,True,0.0,2023-07,40106
canonical,2023-08,btts,0.6485444866383229,0.6357666550974249,PROMOTE,0.6878747941194615,0.6878747941194615,0.6884086983232913,True,True,0.0,2023-08,40861
canonical,2023-08,over15,0.5265286812338055,0.5139107961630968,PROMOTE,0.5606505124855793,0.5606505124855793,0.5600477848744199,False,False,0.000602727611159426,2023-08,40861
canonical,2023-08,over25,0.6373778986331957,0.6208840773605392,PROMOTE,0.6849692550061706,0.6849692550061706,0.6843210940134117,False,False,0.0006481609927588838,2023-08,40861
canonical,2023-08,over35,0.5330782327457856,0.5423475737398872,REJECT,0.585602461311232,0.5802833356392184,0.585602461311232,True,False,0.005319125672013536,2023-07,40861
canonical,2023-09,btts,0.6576889252731175,0.6420508267501331,PROMOTE,0.6843747473805769,0.6843747473805769,0.6826669654284531,False,False,0.0017077819521238435,2023-09,42172
canonical,2023-09,over15,0.5346324461584977,0.506010104512038,PROMOTE,0.5356908770024279,0.5356908770024279,0.5355584876826085,False,False,0.00013238931981940372,2023-09,42172
canonical,2023-09,over25,0.6471133905074249,0.631057345086882,PROMOTE,0.6847916681547707,0.6847916681547707,0.6857679026768022,True,True,0.0,2023-09,42172
canonical,2023-09,over35,0.5601225385705092,0.5199709615129098,PROMOTE,0.6066416658376321,0.6066416658376321,0.6089303912088343,True,True,0.0,2023-09,42172
canonical,2023-10,btts,0.6605870360502,0.6347708533408395,PROMOTE,0.6762517541718889,0.6762517541718889,0.6790008542433833,True,True,0.0,2023-10,43682
canonical,2023-10,over15,0.5191226563035231,0.49511071351209696,PROMOTE,0.5363630046047914,0.5363630046047914,0.537587430977074,True,True,0.0,2023-10,43682
canonical,2023-10,over25,0.6559220629827428,0.6352282894122093,PROMOTE,0.6713570027348335,0.6713570027348335,0.6701973519557108,False,False,0.0011596507791226118,2023-10,43682
canonical,2023-10,over35,0.5578201066127978,0.5535848618018171,PROMOTE,0.5943901994221836,0.5943901994221836,0.5965026591747191,True,True,0.0,2023-10,43682
canonical,2023-11,btts,0.6518097874270332,0.6570210748974653,REJECT,0.6882781041204246,0.6902646945572924,0.6882781041204246,False,True,0.0,2023-10,45112
canonical,2023-11,over15,0.5114427430788981,0.5101815991127356,PROMOTE,0.5337944861997018,0.5337944861997018,0.5367197100832042,True,True,0.0,2023-11,45112
canonical,2023-11,over25,0.6511420962341691,0.642581426681298,PROMOTE,0.6752513890194944,0.6752513890194944,0.6717281515400889,False,False,0.0035232374794055277,2023-11,45112
canonical,2023-11,over35,0.5712470211895957,0.5395787170241367,PROMOTE,0.5994109846894516,0.5994109846894516,0.5993248567015572,False,False,8.612798789442433e-05,2023-11,45112
canonical,2023-12,btts,0.6646241347726753,0.6456868094993383,PROMOTE,0.6827211428665416,0.6827211428665416,0.6852946503791211,True,True,0.0,2023-12,46209
canonical,2023-12,over15,0.5112399115345043,0.5023978667479779,PROMOTE,0.5414356697797236,0.5414356697797236,0.5451908907006628,True,True,0.0,2023-12,46209
canonical,2023-12,over25,0.6499314269345546,0.6349377971129871,PROMOTE,0.6861390372321762,0.6861390372321762,0.6842841450389792,False,False,0.0018548921931970108,2023-12,46209
canonical,2023-12,over35,0.559925652698144,0.5560481449684366,PROMOTE,0.5830969458156537,0.5830969458156537,0.5858665279493753,True,True,0.0,2023-12,46209
canonical,2024-01,btts,0.6563940857451678,0.6374439938112579,PROMOTE,0.6817565220859352,0.6817565220859352,0.677757661313712,False,False,0.003998860772223223,2024-01,47227
canonical,2024-01,over15,0.5125121390538216,0.5049576640267066,PROMOTE,0.5426681074361696,0.5426681074361696,0.5398862990831457,False,False,0.0027818083530238846,2024-01,47227
canonical,2024-01,over25,0.6460289396190794,0.6437470786026969,PROMOTE,0.678954405316192,0.678954405316192,0.6775249752610323,False,False,0.0014294300551597194,2024-01,47227
canonical,2024-01,over35,0.5602614744177962,0.5386215349682107,PROMOTE,0.6058100225740781,0.6058100225740781,0.6004983026913472,False,False,0.005311719882730936,2024-01,47227
canonical,2024-02,btts,0.6523878838968065,0.6486282978548612,PROMOTE,0.6746391142131569,0.6746391142131569,0.6756850098031717,True,True,0.0,2024-02,47993
canonical,2024-02,over15,0.51558304350388,0.502712843354498,PROMOTE,0.5413883742642273,0.5413883742642273,0.5436144477767557,True,True,0.0,2024-02,47993
canonical,2024-02,over25,0.6552949506276254,0.64669418021536,PROMOTE,0.6736946596372392,0.6736946596372392,0.675078769651562,True,True,0.0,2024-02,47993
canonical,2024-02,over35,0.5563105566876244,0.5631736740499816,REJECT,0.5819958776758245,0.5814814994824088,0.5819958776758245,True,False,0.0005143781934157099,2024-01,47993
canonical,2024-03,btts,0.6582056770288013,0.6391310078266859,PROMOTE,0.6821774688222334,0.6821774688222334,0.6849562216760992,True,True,0.0,2024-03,49207
canonical,2024-03,over15,0.5205862983971591,0.4975519342143579,PROMOTE,0.5762136867287061,0.5762136867287061,0.576591900954184,True,True,0.0,2024-03,49207
canonical,2024-03,over25,0.6581072962526497,0.6455230769915714,PROMOTE,0.6758067360571296,0.6758067360571296,0.6779494206851676,True,True,0.0,2024-03,49207
canonical,2024-03,over35,0.5715515767485846,0.5565072509178304,PROMOTE,0.5849818623617179,0.5849818623617179,0.5813968356154949,False,False,0.0035850267462229635,2024-03,49207
canonical,2024-04,btts,0.6543076291439656,0.6491040843404403,PROMOTE,0.6749119197943254,0.6749119197943254,0.6759760848997933,True,True,0.0,2024-04,50573
canonical,2024-04,over15,0.529902268548738,0.5270638498092822,PROMOTE,0.5462434745541156,0.5462434745541156,0.5470471126899973,True,True,0.0,2024-04,50573
canonical,2024-04,over25,0.6567985318017535,0.6369280450168294,PROMOTE,0.6768081177991263,0.6768081177991263,0.6770862790466876,True,True,0.0,2024-04,50573
canonical,2024-04,over35,0.5695970787784062,0.547339752671593,PROMOTE,0.5973649224276248,0.5973649224276248,0.5978522439652529,True,True,0.0,2024-04,50573
canonical,2024-05,btts,0.660405387835145,0.6319809985570222,PROMOTE,0.6635691446703905,0.6635691446703905,0.6671174850407754,True,True,0.0,2024-05,52323
canonical,2024-05,over15,0.5367560755535545,0.471963330917817,PROMOTE,0.5170286701194995,0.5170286701194995,0.5181139189693933,True,True,0.0,2024-05,52323
canonical,2024-05,over25,0.6535889693511662,0.6437650024339902,PROMOTE,0.6556045885971256,0.6556045885971256,0.6559986935107108,True,True,0.0,2024-05,52323
canonical,2024-05,over35,0.5653278800219296,0.5380046675142404,PROMOTE,0.6183196557775796,0.6183196557775796,0.6193698553025954,True,True,0.0,2024-05,52323
canonical,2024-06,btts,0.641823836434725,0.638953590698261,PROMOTE,0.6580251959586761,0.6580251959586761,0.6652409327208619,True,True,0.0,2024-06,53580
canonical,2024-06,over15,0.4861054835846243,0.4950471421707219,REJECT,0.5490795479200951,0.5474803853874004,0.5490795479200951,True,False,0.0015991625326946535,2024-05,53580
canonical,2024-06,over25,0.6472093936821994,0.6401678089391103,PROMOTE,0.655344786345354,0.655344786345354,0.65296166340453,False,False,0.0023831229408239896,2024-06,53580
canonical,2024-06,over35,0.563172337292393,0.5592243900122786,PROMOTE,0.5609886440200104,0.5609886440200104,0.554785035265826,False,False,0.006203608754184353,2024-06,53580
canonical,2024-07,btts,0.6397720888522324,0.6242475255316691,PROMOTE,0.6626422803261565,0.6626422803261565,0.6561437931209364,False,False,0.00649848720522006,2024-07,54143
canonical,2024-07,over15,0.49351056012714667,0.4963628089698382,PROMOTE,0.5160013381233571,0.5160013381233571,0.5156747032145712,False,False,0.0003266349087859277,2024-07,54143
canonical,2024-07,over25,0.6394826683241349,0.6344529130889657,PROMOTE,0.6549930225152344,0.6549930225152344,0.6579895630220675,True,True,0.0,2024-07,54143
canonical,2024-07,over35,0.5641843122440626,0.5634464051189114,PROMOTE,0.5700495646012694,0.5700495646012694,0.5704257084736801,True,True,0.0,2024-07,54143
canonical,2024-08,btts,0.6267207506991673,0.5945445595219611,PROMOTE,0.6702457947985306,0.6702457947985306,0.6789287017741874,True,True,0.0,2024-08,54819
canonical,2024-08,over15,0.4930728668149969,0.47478368526507014,PROMOTE,0.5836060004259418,0.5836060004259418,0.5830667726572165,False,False,0.0005392277687252811,2024-08,54819
canonical,2024-08,over25,0.632815244843931,0.6272158034937135,PROMOTE,0.6755483478385412,0.6755483478385412,0.6783850973140649,True,True,0.0,2024-08,54819
canonical,2024-08,over35,0.5633898315993863,0.5529006637854655,PROMOTE,0.5846002908604306,0.5846002908604306,0.5834559405732418,False,False,0.0011443502871888445,2024-08,54819
canonical,2024-09,btts,0.6286599654634819,0.6324385767203565,PROMOTE,0.6729181351690622,0.6729181351690622,0.6741064181738117,True,True,0.0,2024-09,56162
canonical,2024-09,over15,0.5308273982109779,0.5193406243987203,PROMOTE,0.5429511258046005,0.5429511258046005,0.5436815255998073,True,True,0.0,2024-09,56162
canonical,2024-09,over25,0.6515181481803615,0.6304175249109482,PROMOTE,0.6821420242380775,0.6821420242380775,0.6838144035046001,True,True,0.0,2024-09,56162
canonical,2024-09,over35,0.5562610368365305,0.5349924866033907,PROMOTE,0.5860785138559373,0.5860785138559373,0.5819184914055928,False,False,0.004160022450344525,2024-09,56162
canonical,2024-10,btts,0.6526237621631229,0.6424561545836782,PROMOTE,0.6691487940244168,0.6691487940244168,0.6710607501937177,True,True,0.0,2024-10,57597
canonical,2024-10,over15,0.5321005996405508,0.5131872321594872,PROMOTE,0.5734769590436641,0.5734769590436641,0.5709320428030187,False,False,0.002544916240645456,2024-10,57597
canonical,2024-10,over25,0.6552309265360857,0.6475443629697418,PROMOTE,0.6678658727236544,0.6678658727236544,0.667132929295735,False,False,0.000732943427919408,2024-10,57597
canonical,2024-10,over35,0.5594567148410227,0.5452139276558603,PROMOTE,0.55623653444084,0.55623653444084,0.5552840422047802,False,False,0.0009524922360597543,2024-10,57597
canonical,2024-11,btts,0.65448021282978,0.6238222652091607,PROMOTE,0.6737628774671142,0.6737628774671142,0.6752799917948303,True,True,0.0,2024-11,58939
canonical,2024-11,over15,0.5389022751644691,0.5178367579379246,PROMOTE,0.6028121847634806,0.6028121847634806,0.6063948491476562,True,True,0.0,2024-11,58939
canonical,2024-11,over25,0.6578353658304327,0.6520794227364461,PROMOTE,0.6765193549559019,0.6765193549559019,0.677158937834159,True,True,0.0,2024-11,58939
canonical,2024-11,over35,0.5512719400688738,0.5356539686558517,PROMOTE,0.5386738141888188,0.5386738141888188,0.5407376464484048,True,True,0.0,2024-11,58939
canonical,2024-12,btts,0.6395209986774678,0.6492407662243951,REJECT,0.6710808216130366,0.6708340403104905,0.6710808216130366,True,False,0.000246781302546073,2024-11,60172
canonical,2024-12,over15,0.5387775114372243,0.5381958710098811,PROMOTE,0.5333472918161225,0.5333472918161225,0.5333277056486306,False,False,1.9586167491869588e-05,2024-12,60172
canonical,2024-12,over25,0.6603453845277344,0.644129654429587,PROMOTE,0.6771153157611595,0.6771153157611595,0.6752905574083718,False,False,0.0018247583527876143,2024-12,60172
canonical,2024-12,over35,0.5350853023018709,0.5260126479764904,PROMOTE,0.5679770063127213,0.5679770063127213,0.5723959319438059,True,True,0.0,2024-12,60172
canonical,2025-01,btts,0.6538034399226368,0.6429952755596743,PROMOTE,0.6724813616714924,0.6724813616714924,0.6738855714789926,True,True,0.0,2025-01,61212
canonical,2025-01,over15,0.5470395872047318,0.5292328667119428,PROMOTE,0.5717369602992323,0.5717369602992323,0.5711029820042469,False,False,0.000633978294985349,2025-01,61212
canonical,2025-01,over25,0.650129033261536,0.6449047069192806,PROMOTE,0.6765602175690828,0.6765602175690828,0.6780362914634583,True,True,0.0,2025-01,61212
canonical,2025-01,over35,0.529999158613929,0.49819120322782323,PROMOTE,0.564513235620711,0.564513235620711,0.5626402141954074,False,False,0.0018730214253035449,2025-01,61212
canonical,2025-02,btts,0.652288146221063,0.6512329843625491,PROMOTE,0.673122867114183,0.673122867114183,0.670754555828967,False,False,0.0023683112852159738,2025-02,62075
canonical,2025-02,over15,0.5423701733073295,0.5474800902515238,REJECT,0.5768717527549145,0.5781692984329132,0.5768717527549145,False,True,0.0,2025-01,62075
canonical,2025-02,over25,0.6559346805623044,0.63722793471078,PROMOTE,0.6673849523134175,0.6673849523134175,0.6661229886554858,False,False,0.0012619636579317417,2025-02,62075
canonical,2025-02,over35,0.5151165218982616,0.5053987641239754,PROMOTE,0.543102514083492,0.543102514083492,0.5421696377656536,False,False,0.0009328763178383381,2025-02,62075
canonical,2025-03,btts,0.6586910959404104,0.645611783696262,PROMOTE,0.6786874675000408,0.6786874675000408,0.680748652940099,True,True,0.0,2025-03,63255
canonical,2025-03,over15,0.5481530452281416,0.5224519322096832,PROMOTE,0.5795548558822549,0.5795548558822549,0.580863807146876,True,True,0.0,2025-03,63255
canonical,2025-03,over25,0.6475284676710427,0.6452332812935206,PROMOTE,0.6796717139941466,0.6796717139941466,0.6801892083692246,True,True,0.0,2025-03,63255
canonical,2025-03,over35,0.5253076208813102,0.5076002189209812,PROMOTE,0.5381884102456754,0.5381884102456754,0.5400057046718308,True,True,0.0,2025-03,63255
canonical,2025-04,btts,0.6587529395801299,0.6455504001177558,PROMOTE,0.6739729351587371,0.6739729351587371,0.6733321757451469,False,False,0.0006407594135902084,2025-04,64588
canonical,2025-04,over15,0.5528417041819808,0.5440538204505667,PROMOTE,0.5503839416549657,0.5503839416549657,0.5499618110130572,False,False,0.0004221306419085469,2025-04,64588
canonical,2025-04,over25,0.6571132756119122,0.6365641188956129,PROMOTE,0.6729338508478232,0.6729338508478232,0.6744109593243214,True,True,0.0,2025-04,64588
canonical,2025-04,over35,0.5161178623875105,0.5151004729034067,PROMOTE,0.5828360712257804,0.5828360712257804,0.5853765219513613,True,True,0.0,2025-04,64588
canonical,2025-05,btts,0.6569151247414982,0.6535092476342744,PROMOTE,0.6737721375068859,0.6737721375068859,0.676197640135039,True,True,0.0,2025-05,66158
canonical,2025-05,over15,0.5481476289021678,0.5360972804687575,PROMOTE,0.5336166843134958,0.5336166843134958,0.5374277411812974,True,True,0.0,2025-05,66158
canonical,2025-05,over25,0.6504425889264549,0.6487287521213188,PROMOTE,0.6776247500812581,0.6776247500812581,0.6796255506648147,True,True,0.0,2025-05,66158
canonical,2025-05,over35,0.5384249696943356,0.5315962795849264,PROMOTE,0.6064004723234453,0.6064004723234453,0.6053097090703836,False,False,0.0010907632530616773,2025-05,66158
canonical,2025-06,btts,0.6613722281733739,0.6528561258800561,PROMOTE,0.6742227370090053,0.6742227370090053,0.6707714496297771,False,False,0.003451287379228174,2025-06,67330
canonical,2025-06,over15,0.5325577363274097,0.5231298828992883,PROMOTE,0.5107195984106274,0.5107195984106274,0.5113882754931162,True,True,0.0,2025-06,67330
canonical,2025-06,over25,0.6588668489224941,0.6461642779876413,PROMOTE,0.6699162508729354,0.6699162508729354,0.6678369015042769,False,False,0.0020793493686585007,2025-06,67330
canonical,2025-06,over35,0.5564347703834982,0.5435970442301494,PROMOTE,0.6138867870919156,0.6138867870919156,0.6134039184194091,False,False,0.0004828686725064646,2025-06,67330
canonical,2025-07,btts,0.653176750818297,0.650847723164966,PROMOTE,0.6685582115964408,0.6685582115964408,0.6698805099877545,True,True,0.0,2025-07,67625
canonical,2025-07,over15,0.5110254677363864,0.5042218231947271,PROMOTE,0.5430940216959389,0.5430940216959389,0.5425710012621259,False,False,0.0005230204338130262,2025-07,67625
canonical,2025-07,over25,0.6481556421579749,0.6429566558936074,PROMOTE,0.6741885844401534,0.6741885844401534,0.6714515888275087,False,False,0.0027369956126447326,2025-07,67625
canonical,2025-07,over35,0.5644477971834686,0.5602018464998096,PROMOTE,0.6311126202927293,0.6311126202927293,0.6313418837561284,True,True,0.0,2025-07,67625
canonical,2025-08,btts,0.6558108686880872,0.6499133951707006,PROMOTE,0.682398981567623,0.682398981567623,0.6818227421719818,False,False,0.0005762393956412204,2025-08,68074
canonical,2025-08,over15,0.5044171884685986,0.4986918936820392,PROMOTE,0.5513119941428702,0.5513119941428702,0.5509849426573556,False,False,0.0003270514855145956,2025-08,68074
canonical,2025-08,over25,0.6489310213455196,0.6436881070597493,PROMOTE,0.6801490763411225,0.6801490763411225,0.6787384405250939,False,False,0.001410635816028627,2025-08,68074
canonical,2025-08,over35,0.5847354955937679,0.5811119616285894,PROMOTE,0.5794151025219602,0.5794151025219602,0.5791616905464824,False,False,0.0002534119754777908,2025-08,68074
canonical,2025-09,btts,0.6700319580852376,0.6532905545516825,PROMOTE,0.6793049749789571,0.6793049749789571,0.6797319318887486,True,True,0.0,2025-09,69424
canonical,2025-09,over15,0.5319779101339677,0.5031702434946063,PROMOTE,0.5390257436128965,0.5390257436128965,0.5403630818240845,True,True,0.0,2025-09,69424
canonical,2025-09,over25,0.6664278185620344,0.6539237840132804,PROMOTE,0.6788891168631059,0.6788891168631059,0.6777191682457822,False,False,0.0011699486173237794,2025-09,69424
canonical,2025-09,over35,0.5842305234384322,0.556756599047086,PROMOTE,0.5992159651403706,0.5992159651403706,0.6007362088902904,True,True,0.0,2025-09,69424
canonical,2025-10,btts,0.664066826196583,0.660882125115718,PROMOTE,0.6636022415714848,0.6636022415714848,0.6630974249744185,False,False,0.0005048165970663598,2025-10,70589
canonical,2025-10,over15,0.5220781771546936,0.5216390455092819,PROMOTE,0.5179831972611282,0.5179831972611282,0.5204271889995615,True,True,0.0,2025-10,70589
canonical,2025-10,over25,0.6651993634746469,0.6582142886090626,PROMOTE,0.6714580894816178,0.6714580894816178,0.6716826611894584,True,True,0.0,2025-10,70589
canonical,2025-10,over35,0.572750725375974,0.5745328479553699,PROMOTE,0.5817416288242233,0.5817416288242233,0.5814300614930084,False,False,0.00031156733121495694,2025-10,70589
canonical,2025-11,btts,0.6622441926993714,0.6532229001814082,PROMOTE,0.6832577175793764,0.6832577175793764,0.6821394796520156,False,False,0.0011182379273607657,2025-11,71743
canonical,2025-11,over15,0.5206897927047612,0.5037867040212826,PROMOTE,0.5509391256351199,0.5509391256351199,0.5523588707098405,True,True,0.0,2025-11,71743
canonical,2025-11,over25,0.6627930592111103,0.6556360234803971,PROMOTE,0.676322549232081,0.676322549232081,0.6765021625457142,True,True,0.0,2025-11,71743
canonical,2025-11,over35,0.5725075841912792,0.5616171010977618,PROMOTE,0.5850165910852567,0.5850165910852567,0.5846076721971979,False,False,0.00040891888805882903,2025-11,71743
canonical,2025-12,btts,0.6616889014240533,0.6603514498257341,PROMOTE,0.6782320373194324,0.6782320373194324,0.6771043860310765,False,False,0.001127651288355902,2025-12,72912
canonical,2025-12,over15,0.5158675670470575,0.5071599322369712,PROMOTE,0.5526173233615753,0.5526173233615753,0.5546883284857542,True,True,0.0,2025-12,72912
canonical,2025-12,over25,0.6627699802716941,0.6532997394996257,PROMOTE,0.682371642388616,0.682371642388616,0.6803619697775704,False,False,0.0020096726110456764,2025-12,72912
canonical,2025-12,over35,0.5718382365782947,0.5677033207667443,PROMOTE,0.572690988707285,0.572690988707285,0.572085298812791,False,False,0.0006056898944939437,2025-12,72912
canonical,2026-01,btts,0.6644265665502579,0.658568857362634,PROMOTE,0.673915969543879,0.673915969543879,0.6714316023061297,False,False,0.002484367237749252,2026-01,73751
canonical,2026-01,over15,0.5190442340821504,0.5137681439754292,PROMOTE,0.5577576504333848,0.5577576504333848,0.5580911144781652,True,True,0.0,2026-01,73751
canonical,2026-01,over25,0.6594590951175389,0.6573821431557566,PROMOTE,0.676897559961503,0.676897559961503,0.6784519712205991,True,True,0.0,2026-01,73751
canonical,2026-01,over35,0.5659519725421588,0.5446718865557719,PROMOTE,0.5652026182094022,0.5652026182094022,0.5621763676793707,False,False,0.0030262505300314713,2026-01,73751
canonical,2026-02,btts,0.6669587473386047,0.649056735875334,PROMOTE,0.6714657621950558,0.6714657621950558,0.6730087286123396,True,True,0.0,2026-02,74691
canonical,2026-02,over15,0.5347891041498076,0.5261624616693035,PROMOTE,0.5498323346839639,0.5498323346839639,0.5495517332953014,False,False,0.0002806013886624825,2026-02,74691
canonical,2026-02,over25,0.6656080309743506,0.6554228568831805,PROMOTE,0.6741623759040778,0.6741623759040778,0.6744732815889296,True,True,0.0,2026-02,74691
canonical,2026-02,over35,0.5497915011057104,0.5517041786463196,PROMOTE,0.5737240195181784,0.5737240195181784,0.5723849246206789,False,False,0.0013390948974995043,2026-02,74691
canonical,2026-03,btts,0.655457379397846,0.6425379638365653,PROMOTE,0.6739501349151639,0.6739501349151639,0.6728464040142867,False,False,0.0011037309008771201,2026-03,75939
canonical,2026-03,over15,0.5357487476396091,0.525914000401055,PROMOTE,0.5486803410115867,0.5486803410115867,0.5475776515427346,False,False,0.0011026894688520583,2026-03,75939
canonical,2026-03,over25,0.6626101625565066,0.6239238123897699,PROMOTE,0.6732816392666221,0.6732816392666221,0.6719775739309182,False,False,0.00130406533570393,2026-03,75939
canonical,2026-03,over35,0.5558429127897332,0.5456443257257617,PROMOTE,0.5837258547270409,0.5837258547270409,0.5819241846929617,False,False,0.0018016700340791614,2026-03,75939
canonical,2026-04,btts,0.652842904474582,0.652858322364478,PROMOTE,0.6741618640974857,0.6741618640974857,0.6739165686462254,False,False,0.0002452954512602856,2026-04,77261
canonical,2026-04,over15,0.5346027968824703,0.5175355085800976,PROMOTE,0.5225659975726983,0.5225659975726983,0.5262074648901062,True,True,0.0,2026-04,77261
canonical,2026-04,over25,0.6394058132940155,0.6363634290913346,PROMOTE,0.6775791713854801,0.6775791713854801,0.6791029312369075,True,True,0.0,2026-04,77261
canonical,2026-04,over35,0.5580086775151312,0.5503096758794795,PROMOTE,0.5969650897031296,0.5969650897031296,0.5975548758936927,True,True,0.0,2026-04,77261
canonical,2026-05,btts,0.6617292300566574,0.6500129466928536,PROMOTE,0.6554465303248718,0.6554465303248718,0.6550204800205254,False,False,0.00042605030434639257,2026-05,78914
canonical,2026-05,over15,0.5189258587634902,0.5078653291467647,PROMOTE,0.4894747109124164,0.4894747109124164,0.4871689654723992,False,False,0.002305745440017215,2026-05,78914
canonical,2026-05,over25,0.6517190794791821,0.6446452250625957,PROMOTE,0.6632747131564034,0.6632747131564034,0.6651027773447273,True,True,0.0,2026-05,78914
canonical,2026-05,over35,0.572187538183822,0.5624063045999977,PROMOTE,0.6130450488613391,0.6130450488613391,0.6139404043979741,True,True,0.0,2026-05,78914
canonical,2026-06,btts,0.6519032462596581,0.6391488115978371,PROMOTE,0.6706965849926728,0.6706965849926728,0.6623765265667728,False,False,0.008320058425900001,2026-06,80138
canonical,2026-06,over15,0.4988459665474102,0.49293326781702523,PROMOTE,0.47496738024621654,0.47496738024621654,0.49208096496500014,True,True,0.0,2026-06,80138
canonical,2026-06,over25,0.6503144699886375,0.6478573996054634,PROMOTE,0.6757943556786692,0.6757943556786692,0.6891106512077918,True,True,0.0,2026-06,80138
canonical,2026-06,over35,0.5808634431424602,0.5568179583605312,PROMOTE,0.6605774245309047,0.6605774245309047,0.6609186900845213,True,True,0.0,2026-06,80138
canonical,2026-07,btts,0.6353125505071653,0.637422353453343,PROMOTE,0.6584446272879688,0.6584446272879688,0.6608468747006129,True,True,0.0,2026-07,80230
canonical,2026-07,over15,0.4793112705856553,0.49070836971638887,REJECT,0.5319500369111976,0.5322748409093933,0.5319500369111976,False,True,0.0,2026-06,80230
canonical,2026-07,over25,0.648555171113003,0.6480716964576376,PROMOTE,0.673318503659967,0.673318503659967,0.6757805766342564,True,True,0.0,2026-07,80230
canonical,2026-07,over35,0.5644077445280972,0.5701398611366938,REJECT,0.5674719194651038,0.5637930253121849,0.5674719194651038,True,False,0.003678894152918888,2026-06,80230
canonical,2026-08,btts,0.633087865646115,0.6322887347264808,PROMOTE,0.6504028703779351,0.6504028703779351,0.6489273897107436,False,False,0.0014754806671914977,2026-08,80671
canonical,2026-08,over15,0.47743227912162234,0.46944000060476315,PROMOTE,0.52029298855558,0.52029298855558,0.5198183974794411,False,False,0.00047459107613889717,2026-08,80671
canonical,2026-08,over25,0.6484561099072177,0.6407559952077599,PROMOTE,0.6552441212431599,0.6552441212431599,0.6568423497001991,True,True,0.0,2026-08,80671
canonical,2026-08,over35,0.5720375084160959,0.5737221961771888,PROMOTE,0.6022488642889907,0.6022488642889907,0.599494952900921,False,False,0.0027539113880696853,2026-08,80671
canonical,2026-09,btts,0.6476873966569697,0.6308554258791897,PROMOTE,0.6763609895937072,0.6763609895937072,0.6745512457641326,False,False,0.0018097438295745505,2026-09,82080
canonical,2026-09,over15,0.5125468539367956,0.49173669216467986,PROMOTE,0.5202360442679116,0.5202360442679116,0.5208450529260759,True,True,0.0,2026-09,82080
canonical,2026-09,over25,0.6532494266702545,0.6291317389330436,PROMOTE,0.6785362512907396,0.6785362512907396,0.6763059394944341,False,False,0.0022303117963055064,2026-09,82080
canonical,2026-09,over35,0.5894691529819229,0.5641827605516527,PROMOTE,0.614563947795162,0.614563947795162,0.6174905330745026,True,True,0.0,2026-09,82080
rolling_3y,2022-08,btts,,,PROMOTE,0.6938173977118598,0.6938173977118598,,,,,2022-08,26986
rolling_3y,2022-08,over15,,,PROMOTE,0.5667130678725204,0.5667130678725204,,,,,2022-08,26986
rolling_3y,2022-08,over25,,,PROMOTE,0.6773499878859237,0.6773499878859237,,,,,2022-08,26986
rolling_3y,2022-08,over35,,,PROMOTE,0.599098167088547,0.599098167088547,,,,,2022-08,26986
rolling_3y,2022-09,btts,0.667036719097852,0.654364213894298,PROMOTE,0.6901646150907832,0.6901646150907832,0.6914833013195394,True,True,0.0,2022-09,27970
rolling_3y,2022-09,over15,0.5410836368833499,0.5299592987555534,PROMOTE,0.5624240563243593,0.5624240563243593,0.5642635590201679,True,True,0.0,2022-09,27970
rolling_3y,2022-09,over25,0.6550521120045794,0.6342084345501038,PROMOTE,0.6777610324319387,0.6777610324319387,0.6791993764371487,True,True,0.0,2022-09,27970
rolling_3y,2022-09,over35,0.5432728281972206,0.5241307705465471,PROMOTE,0.5643204528956317,0.5643204528956317,0.5657073800738496,True,True,0.0,2022-09,27970
rolling_3y,2022-10,btts,0.667045071844702,0.6392675443382652,PROMOTE,0.682138956509097,0.682138956509097,0.6875223297300885,True,True,0.0,2022-10,28685
rolling_3y,2022-10,over15,0.5421731148243112,0.5283360569916347,PROMOTE,0.5540059680106777,0.5540059680106777,0.553964394199839,False,False,4.157381083869094e-05,2022-10,28685
rolling_3y,2022-10,over25,0.6497087021196936,0.6455638934639752,PROMOTE,0.681060978737252,0.681060978737252,0.681897240040935,True,True,0.0,2022-10,28685
rolling_3y,2022-10,over35,0.5417821973676415,0.5243395297290362,PROMOTE,0.5794655311549489,0.5794655311549489,0.580876973326886,True,True,0.0,2022-10,28685
rolling_3y,2022-11,btts,0.6578807872321243,0.6568696702330704,PROMOTE,0.6863830497423349,0.6863830497423349,0.6844840749246023,False,False,0.0018989748177326016,2022-11,29807
rolling_3y,2022-11,over15,0.5368543913522505,0.5209854519438825,PROMOTE,0.5410689773640951,0.5410689773640951,0.5450624145172881,True,True,0.0,2022-11,29807
rolling_3y,2022-11,over25,0.6596088373556495,0.6200942661930786,PROMOTE,0.6732933877215191,0.6732933877215191,0.6762004647366007,True,True,0.0,2022-11,29807
rolling_3y,2022-11,over35,0.5491084009505358,0.5270073241005298,PROMOTE,0.6175492244184342,0.6175492244184342,0.6125798337341524,False,False,0.004969390684281816,2022-11,29807
rolling_3y,2022-12,btts,0.6627072164803957,0.6214414976439934,PROMOTE,0.7060846049606793,0.7060846049606793,0.7016308122615686,False,False,0.004453792699110615,2022-12,29979
rolling_3y,2022-12,over15,0.5244235790840697,0.5172894292659462,PROMOTE,0.5584291951288516,0.5584291951288516,0.555330109515875,False,False,0.00309908561297656,2022-12,29979
rolling_3y,2022-12,over25,0.6318931963379376,0.6292522059418981,PROMOTE,0.6818170067706569,0.6818170067706569,0.6827579540726568,True,True,0.0,2022-12,29979
rolling_3y,2022-12,over35,0.5401076527130729,0.5430320167667713,PROMOTE,0.5198244993484553,0.5198244993484553,0.5233984350924209,True,True,0.0,2022-12,29979
rolling_3y,2023-01,btts,0.6387480028829687,0.6540484267527307,REJECT,0.6913884000356417,0.6867846219795525,0.6913884000356417,True,False,0.004603778056089247,2022-12,30071
rolling_3y,2023-01,over15,0.5227108561284973,0.5024604868160163,PROMOTE,0.5678985934152648,0.5678985934152648,0.5691735194372478,True,True,0.0,2023-01,30071
rolling_3y,2023-01,over25,0.6405184986364701,0.6451669963348156,PROMOTE,0.6856642380879814,0.6856642380879814,0.686667622916744,True,True,0.0,2023-01,30071
rolling_3y,2023-01,over35,0.5474063277803924,0.538025689416916,PROMOTE,0.5680571929384924,0.5680571929384924,0.566073764418423,False,False,0.0019834285200693857,2023-01,30071
rolling_3y,2023-02,btts,0.6727210167569776,0.662238241265126,PROMOTE,0.6861966900592673,0.6861966900592673,0.689205642921822,True,True,0.0,2023-02,30530
rolling_3y,2023-02,over15,0.5285819729217691,0.5296141543105984,PROMOTE,0.5818719238169104,0.5818719238169104,0.5810962512368627,False,False,0.0007756725800477371,2023-02,30530
rolling_3y,2023-02,over25,0.6589794048163327,0.6437373841523848,PROMOTE,0.6766327106086256,0.6766327106086256,0.6738560473334685,False,False,0.002776663275157132,2023-02,30530
rolling_3y,2023-02,over35,0.5469576329744308,0.5304542229409343,PROMOTE,0.533179782590063,0.533179782590063,0.532358999888963,False,False,0.0008207827011000868,2023-02,30530
rolling_3y,2023-03,btts,0.6739888239409416,0.6525246185296538,PROMOTE,0.6902306915260912,0.6902306915260912,0.6889240685450909,False,False,0.0013066229810002605,2023-03,31020
rolling_3y,2023-03,over15,0.5562134106339218,0.5328249897646653,PROMOTE,0.5799175300800145,0.5799175300800145,0.5794060841155937,False,False,0.0005114459644207647,2023-03,31020
rolling_3y,2023-03,over25,0.6608221789870912,0.6372997257244349,PROMOTE,0.6760548113927703,0.6760548113927703,0.6772916467547841,True,True,0.0,2023-03,31020
rolling_3y,2023-03,over35,0.519996267801514,0.5127048320973857,PROMOTE,0.5601031672187382,0.5601031672187382,0.563655150939057,True,True,0.0,2023-03,31020
rolling_3y,2023-04,btts,0.6645963910646489,0.6459585949627418,PROMOTE,0.6926328532002322,0.6926328532002322,0.691635568586696,False,False,0.000997284613536209,2023-04,31756
rolling_3y,2023-04,over15,0.5514668485529877,0.5341160101717297,PROMOTE,0.5656194973630281,0.5656194973630281,0.5675948953580071,True,True,0.0,2023-04,31756
rolling_3y,2023-04,over25,0.6508095521315663,0.6542365865115081,PROMOTE,0.685323729758403,0.685323729758403,0.6856122016125615,True,True,0.0,2023-04,31756
rolling_3y,2023-04,over35,0.5331113101214678,0.5221572399105258,PROMOTE,0.5746604209928404,0.5746604209928404,0.5735773918611926,False,False,0.0010830291316478169,2023-04,31756
rolling_3y,2023-05,btts,0.6669691298443917,0.6453680864987199,PROMOTE,0.6824142845823559,0.6824142845823559,0.6841217371282766,True,True,0.0,2023-05,33427
rolling_3y,2023-05,over15,0.5497892285699255,0.5343055302646426,PROMOTE,0.5506405695299033,0.5506405695299033,0.5534814432285843,True,True,0.0,2023-05,33427
rolling_3y,2023-05,over25,0.6667554745081343,0.6220319776206095,PROMOTE,0.6775576465585154,0.6775576465585154,0.6755622382609888,False,False,0.0019954082975265353,2023-05,33427
rolling_3y,2023-05,over35,0.5422874973723764,0.5038893641961534,PROMOTE,0.5975483724449838,0.5975483724449838,0.5898764983452603,False,False,0.007671874099723475,2023-05,33427
rolling_3y,2023-06,btts,0.6577634455549666,0.6508426258579781,PROMOTE,0.6837618753503064,0.6837618753503064,0.6811209098045986,False,False,0.0026409655457078074,2023-06,34601
rolling_3y,2023-06,over15,0.5366502579794963,0.5296055561564403,PROMOTE,0.5611356598782425,0.5611356598782425,0.5615424532779568,True,True,0.0,2023-06,34601
rolling_3y,2023-06,over25,0.6400024021662013,0.6417032746012544,PROMOTE,0.6746534758059667,0.6746534758059667,0.6767527806693552,True,True,0.0,2023-06,34601
rolling_3y,2023-06,over35,0.5390115549130959,0.5199562350113631,PROMOTE,0.5688434416991832,0.5688434416991832,0.5795449590717733,True,True,0.0,2023-06,34601
rolling_3y,2023-07,btts,0.6537951726675922,0.6392613463535196,PROMOTE,0.6728902320968285,0.6728902320968285,0.6725820633736492,False,False,0.0003081687231792918,2023-07,34785
rolling_3y,2023-07,over15,0.5308974669407447,0.5145994436463356,PROMOTE,0.5489348642016995,0.5489348642016995,0.5477906487785035,False,False,0.0011442154231959822,2023-07,34785
rolling_3y,2023-07,over25,0.6470696192458332,0.6243702718729585,PROMOTE,0.6609592427937986,0.6609592427937986,0.6698548159667931,True,True,0.0,2023-07,34785
rolling_3y,2023-07,over35,0.5287776697941803,0.5374533548023787,REJECT,0.5726457690071667,0.5680929369656655,0.5726457690071667,True,False,0.0045528320415011425,2023-06,34785
rolling_3y,2023-08,btts,0.6430999048243718,0.6119341762641058,PROMOTE,0.6876486433610737,0.6876486433610737,0.6924876156300656,True,True,0.0,2023-08,35056
rolling_3y,2023-08,over15,0.5172650251074999,0.508649409022582,PROMOTE,0.5582718451698927,0.5582718451698927,0.56117206596413,True,True,0.0,2023-08,35056
rolling_3y,2023-08,over25,0.6273645973425797,0.6123463420203932,PROMOTE,0.68492260988965,0.68492260988965,0.6865942930643427,True,True,0.0,2023-08,35056
rolling_3y,2023-08,over35,0.5465784450709799,0.504170059630071,PROMOTE,0.5844035784359385,0.5844035784359385,0.5823188491538395,False,False,0.002084729282099018,2023-08,35056
rolling_3y,2023-09,btts,0.6448591039351252,0.6261145211452742,PROMOTE,0.6821919000232783,0.6821919000232783,0.682524101658379,True,True,0.0,2023-09,35765
rolling_3y,2023-09,over15,0.530429309292722,0.48813514376623185,PROMOTE,0.537327397179021,0.537327397179021,0.5362074000196223,False,False,0.0011199971593987001,2023-09,35765
rolling_3y,2023-09,over25,0.6428088952852857,0.6194660660264986,PROMOTE,0.6871772317081671,0.6871772317081671,0.6882682133574827,True,True,0.0,2023-09,35765
rolling_3y,2023-09,over35,0.5357060457205716,0.5246991258358518,PROMOTE,0.6071142397069089,0.6071142397069089,0.60751506266392,True,True,0.0,2023-09,35765
rolling_3y,2023-10,btts,0.652485649326594,0.6347681688021699,PROMOTE,0.6776499103625926,0.6776499103625926,0.6797790218907866,True,True,0.0,2023-10,36445
rolling_3y,2023-10,over15,0.5111976147401233,0.514193487549478,PROMOTE,0.5374629676947918,0.5374629676947918,0.5380225990564732,True,True,0.0,2023-10,36445
rolling_3y,2023-10,over25,0.6503209291696506,0.6410659643486599,PROMOTE,0.671785882953629,0.671785882953629,0.6699724546610616,False,False,0.001813428292567365,2023-10,36445
rolling_3y,2023-10,over35,0.5615420236031389,0.5270170656589278,PROMOTE,0.5959746165061978,0.5959746165061978,0.5934835035027243,False,False,0.0024911130034734885,2023-10,36445
rolling_3y,2023-11,btts,0.6513481377599891,0.6387317438965402,PROMOTE,0.6801912825171923,0.6801912825171923,0.6820116518060402,True,True,0.0,2023-11,36730
rolling_3y,2023-11,over15,0.52406809797559,0.4816655476972527,PROMOTE,0.5439858844230054,0.5439858844230054,0.53526404777567,False,False,0.00872183664733539,2023-11,36730
rolling_3y,2023-11,over25,0.6550981260437578,0.635185188810701,PROMOTE,0.6766076601719861,0.6766076601719861,0.6775674531030695,True,True,0.0,2023-11,36730
rolling_3y,2023-11,over35,0.5546064540094278,0.5356773533431677,PROMOTE,0.5988541699834571,0.5988541699834571,0.5958166193773313,False,False,0.0030375506061257607,2023-11,36730
rolling_3y,2023-12,btts,0.6470191356660243,0.6189625389888819,PROMOTE,0.6850048972621962,0.6850048972621962,0.6838001013860114,False,False,0.0012047958761847166,2023-12,36880
rolling_3y,2023-12,over15,0.49145398154173153,0.4780798852223238,PROMOTE,0.5415994168398532,0.5415994168398532,0.5432076353206816,True,True,0.0,2023-12,36880
rolling_3y,2023-12,over25,0.6441428167243969,0.6342676409030358,PROMOTE,0.6879148762568221,0.6879148762568221,0.6799946571334009,False,False,0.007920219123421224,2023-12,36880
rolling_3y,2023-12,over35,0.5568659699265527,0.5410531109281872,PROMOTE,0.591749321040922,0.591749321040922,0.5852462038689477,False,False,0.006503117171974382,2023-12,36880
rolling_3y,2024-01,btts,0.6373941526056146,0.6159196848719891,PROMOTE,0.6787171894941194,0.6787171894941194,0.6765058706438928,False,False,0.002211318850226629,2024-01,36845
rolling_3y,2024-01,over15,0.4959970858785601,0.4552904672633973,PROMOTE,0.5502685164091651,0.5502685164091651,0.5421208140500618,False,False,0.008147702359103226,2024-01,36845
rolling_3y,2024-01,over25,0.6461191299641029,0.6361920761933921,PROMOTE,0.6806332546887756,0.6806332546887756,0.6805892829473048,False,False,4.397174147074967e-05,2024-01,36845
rolling_3y,2024-01,over35,0.5528465556380286,0.5432621506837686,PROMOTE,0.6066525691051203,0.6066525691051203,0.601858359538953,False,False,0.0047942095661673845,2024-01,36845
rolling_3y,2024-02,btts,0.6356431395202019,0.6371915291305136,PROMOTE,0.674794366688896,0.674794366688896,0.6731562905897583,False,False,0.0016380760991376864,2024-02,36673
rolling_3y,2024-02,over15,0.4820437278722766,0.5003872397868864,REJECT,0.5421015690235476,0.5422683349561258,0.5421015690235476,False,True,0.0,2024-01,36673
rolling_3y,2024-02,over25,0.6506882123708249,0.6478737155014166,PROMOTE,0.6723123586911742,0.6723123586911742,0.6714995278198576,False,False,0.0008128308713166721,2024-02,36673
rolling_3y,2024-02,over35,0.5607932833275955,0.5452035129199497,PROMOTE,0.5782108406327002,0.5782108406327002,0.5837586461315565,True,True,0.0,2024-02,36673
rolling_3y,2024-03,btts,0.6510986317334855,0.6253773941138708,PROMOTE,0.6831571296273224,0.6831571296273224,0.6810476082061109,False,False,0.0021095214212115687,2024-03,36919
rolling_3y,2024-03,over15,0.5161461413679455,0.5070016649541577,PROMOTE,0.5772577798749928,0.5772577798749928,0.5806291623253161,True,True,0.0,2024-03,36919
rolling_3y,2024-03,over25,0.6588027619485665,0.6319514114292739,PROMOTE,0.6778981684666929,0.6778981684666929,0.6782627198298545,True,True,0.0,2024-03,36919
rolling_3y,2024-03,over35,0.5567233587575822,0.5353700825335356,PROMOTE,0.5859959456659791,0.5859959456659791,0.5817264172764469,False,False,0.004269528389532207,2024-03,36919
rolling_3y,2024-04,btts,0.6472291633723521,0.6375882691429962,PROMOTE,0.6710615076466235,0.6710615076466235,0.6715758946170735,True,True,0.0,2024-04,37346
rolling_3y,2024-04,over15,0.5353834196647783,0.5078431906994972,PROMOTE,0.5433457280111109,0.5433457280111109,0.5463773446391051,True,True,0.0,2024-04,37346
rolling_3y,2024-04,over25,0.6476017418995138,0.6383473441732268,PROMOTE,0.6760482093940835,0.6760482093940835,0.6740534071155662,False,False,0.001994802278517338,2024-04,37346
rolling_3y,2024-04,over35,0.5558465091121906,0.534878845434412,PROMOTE,0.5961986263226379,0.5961986263226379,0.5969788170594379,True,True,0.0,2024-04,37346
rolling_3y,2024-05,btts,0.6511701544085832,0.6429453744633262,PROMOTE,0.6617437079957827,0.6617437079957827,0.6638208571324731,True,True,0.0,2024-05,37858
rolling_3y,2024-05,over15,0.525188286061804,0.512976233492922,PROMOTE,0.5148460000956724,0.5148460000956724,0.5141488163536979,False,False,0.000697183741974472,2024-05,37858
rolling_3y,2024-05,over25,0.6542190674374687,0.6310417438149761,PROMOTE,0.6557359963162755,0.6557359963162755,0.655840819496227,True,True,0.0,2024-05,37858
rolling_3y,2024-05,over35,0.5568447659952781,0.5540835800230818,PROMOTE,0.6199781131207229,0.6199781131207229,0.6215417963678542,True,True,0.0,2024-05,37858
rolling_3y,2024-06,btts,0.6491851764075554,0.6345255818142705,PROMOTE,0.6446727278284724,0.6446727278284724,0.6548389922229636,True,True,0.0,2024-06,38096
rolling_3y,2024-06,over15,0.5156666092667238,0.4986027710374942,PROMOTE,0.5404617975700875,0.5404617975700875,0.5442462409746692,True,True,0.0,2024-06,38096
rolling_3y,2024-06,over25,0.6381652853541562,0.6328595873114237,PROMOTE,0.6497260345379842,0.6497260345379842,0.6520823961825215,True,True,0.0,2024-06,38096
rolling_3y,2024-06,over35,0.575148945833297,0.5491875395933391,PROMOTE,0.5580491932674313,0.5580491932674313,0.5616695441378967,True,True,0.0,2024-06,38096
rolling_3y,2024-07,btts,0.6314395745732917,0.6255474317826005,PROMOTE,0.651652757831179,0.651652757831179,0.6437729589129528,False,False,0.00787979891822621,2024-07,38449
rolling_3y,2024-07,over15,0.49364359904912886,0.4591749550662865,PROMOTE,0.518760735676275,0.518760735676275,0.5179738237686569,False,False,0.0007869119076181486,2024-07,38449
rolling_3y,2024-07,over25,0.6325971603236755,0.6185256555753127,PROMOTE,0.655740951965306,0.655740951965306,0.6569319557315917,True,True,0.0,2024-07,38449
rolling_3y,2024-07,over35,0.5557731356447134,0.5299436796302143,PROMOTE,0.5727233823091514,0.5727233823091514,0.5699587472187914,False,False,0.002764635090360068,2024-07,38449
rolling_3y,2024-08,btts,0.6270582824913569,0.5763644722911005,PROMOTE,0.6739716079434501,0.6739716079434501,0.6757456801875142,True,True,0.0,2024-08,38644
rolling_3y,2024-08,over15,0.4622828323632012,0.42012817111413314,PROMOTE,0.5780916308634609,0.5780916308634609,0.5862048208820753,True,True,0.0,2024-08,38644
rolling_3y,2024-08,over25,0.6217033369212212,0.6098271231014114,PROMOTE,0.677731588453158,0.677731588453158,0.680185727120055,True,True,0.0,2024-08,38644
rolling_3y,2024-08,over35,0.5417445936292395,0.5496451854351164,REJECT,0.58766823694372,0.5802403698364113,0.58766823694372,True,False,0.007427867107308694,2024-07,38644
rolling_3y,2024-09,btts,0.625352135482504,0.6070166767310272,PROMOTE,0.6660414298152902,0.6660414298152902,0.6667364499229788,True,True,0.0,2024-09,38806
rolling_3y,2024-09,over15,0.5026562189570619,0.4903119817514888,PROMOTE,0.535957892306516,0.535957892306516,0.5384985871335346,True,True,0.0,2024-09,38806
rolling_3y,2024-09,over25,0.6444541845222543,0.6068180078549842,PROMOTE,0.6863389750717049,0.6863389750717049,0.6845642181930466,False,False,0.0017747568786583567,2024-09,38806
rolling_3y,2024-09,over35,0.5629578938373829,0.5197424572334017,PROMOTE,0.5851828294215327,0.5851828294215327,0.5872206267869712,True,True,0.0,2024-09,38806
rolling_3y,2024-10,btts,0.6362763379522873,0.64102434060536,PROMOTE,0.6656762349602422,0.6656762349602422,0.6638487769313849,False,False,0.0018274580288573095,2024-10,39148
rolling_3y,2024-10,over15,0.5134942270542094,0.5056857663672795,PROMOTE,0.5675333775804838,0.5675333775804838,0.5727622337600715,True,True,0.0,2024-10,39148
rolling_3y,2024-10,over25,0.6431287309718708,0.5900924051403658,PROMOTE,0.6702161860689648,0.6702161860689648,0.669447478867504,False,False,0.0007687072014608276,2024-10,39148
rolling_3y,2024-10,over35,0.550722902088379,0.5379454920850194,PROMOTE,0.5590237935143578,0.5590237935143578,0.5602877861138345,True,True,0.0,2024-10,39148
rolling_3y,2024-11,btts,0.6521288024942855,0.630263209612602,PROMOTE,0.6737892065188469,0.6737892065188469,0.6745452003107667,True,True,0.0,2024-11,39196
rolling_3y,2024-11,over15,0.5311523393745523,0.5154723973946008,PROMOTE,0.6052044579879069,0.6052044579879069,0.6059289840536137,True,True,0.0,2024-11,39196
rolling_3y,2024-11,over25,0.619221324831659,0.6252068494305346,REJECT,0.6793170857538767,0.6768890418967644,0.6793170857538767,True,False,0.002428043857112372,2024-10,39196
rolling_3y,2024-11,over35,0.5464929739103527,0.5138258302012854,PROMOTE,0.5435285636825065,0.5435285636825065,0.5432271260738067,False,False,0.00030143760869971725,2024-11,39196
rolling_3y,2024-12,btts,0.6426274713668194,0.6082819972394533,PROMOTE,0.673587846519211,0.673587846519211,0.6711229132256035,False,False,0.0024649332936075297,2024-12,39462
rolling_3y,2024-12,over15,0.5381886978531528,0.47523036942322966,PROMOTE,0.5379983026309442,0.5379983026309442,0.5331526453654885,False,False,0.004845657265455716,2024-12,39462
rolling_3y,2024-12,over25,0.6485146929087738,0.6259093561494238,PROMOTE,0.6790887210246241,0.6790887210246241,0.6758709642729683,False,False,0.003217756751655809,2024-12,39462
rolling_3y,2024-12,over35,0.5215433311866191,0.5175263366969696,PROMOTE,0.5672555230461492,0.5672555230461492,0.5726830616742518,True,True,0.0,2024-12,39462
rolling_3y,2025-01,btts,0.6281456683554365,0.6006046539868681,PROMOTE,0.6711166017347603,0.6711166017347603,0.6734332980402382,True,True,0.0,2025-01,39719
rolling_3y,2025-01,over15,0.5040456065230456,0.5249570362064803,REJECT,0.5704292936181745,0.5690118052610368,0.5704292936181745,True,False,0.0014174883571377306,2024-12,39719
rolling_3y,2025-01,over25,0.638155202702439,0.6265180238225648,PROMOTE,0.6792388036734157,0.6792388036734157,0.6785959394938499,False,False,0.0006428641795658274,2025-01,39719
rolling_3y,2025-01,over35,0.5240484636089633,0.521370102811121,PROMOTE,0.564861041339449,0.564861041339449,0.5650931176611222,True,True,0.0,2025-01,39719
rolling_3y,2025-02,btts,0.6221976418965054,0.6259833024900354,PROMOTE,0.666353411337796,0.666353411337796,0.6656873114515068,False,False,0.0006660998862891843,2025-02,39917
rolling_3y,2025-02,over15,0.5345659402847815,0.528634122206987,PROMOTE,0.5749935561928036,0.5749935561928036,0.5739410332892432,False,False,0.0010525229035603934,2025-02,39917
rolling_3y,2025-02,over25,0.6434146079298146,0.6195579628444834,PROMOTE,0.6682027827473279,0.6682027827473279,0.668413072595772,True,True,0.0,2025-02,39917
rolling_3y,2025-02,over35,0.5318756481282605,0.5102399309502119,PROMOTE,0.5420289180737821,0.5420289180737821,0.5404047909833838,False,False,0.0016241270903982752,2025-02,39917
rolling_3y,2025-03,btts,0.6412892061373173,0.6130946178504193,PROMOTE,0.6792739903637488,0.6792739903637488,0.6767243342543539,False,False,0.002549656109394949,2025-03,40021
rolling_3y,2025-03,over15,0.5337944674037604,0.5024136676840878,PROMOTE,0.5803476499856322,0.5803476499856322,0.5841715630973077,True,True,0.0,2025-03,40021
rolling_3y,2025-03,over25,0.6378092199867498,0.6391558307058813,PROMOTE,0.6787917035960509,0.6787917035960509,0.6822967042413709,True,True,0.0,2025-03,40021
rolling_3y,2025-03,over35,0.5283474629509399,0.5132580484164984,PROMOTE,0.5386355166866765,0.5386355166866765,0.5396647537072484,True,True,0.0,2025-03,40021
rolling_3y,2025-04,btts,0.6393118587660503,0.6207652371903786,PROMOTE,0.669692516575055,0.669692516575055,0.6700634575675868,True,True,0.0,2025-04,40328
rolling_3y,2025-04,over15,0.5395009801476977,0.5073446496363395,PROMOTE,0.5497764789551186,0.5497764789551186,0.5508415782579196,True,True,0.0,2025-04,40328
rolling_3y,2025-04,over25,0.6544662031380584,0.640556771230941,PROMOTE,0.673170673943511,0.673170673943511,0.6726945466561748,False,False,0.00047612728733625875,2025-04,40328
rolling_3y,2025-04,over35,0.5211118138352281,0.5205406396949086,PROMOTE,0.5849578472339402,0.5849578472339402,0.5819627611487874,False,False,0.002995086085152754,2025-04,40328
rolling_3y,2025-05,btts,0.6409848093088838,0.6362877899158238,PROMOTE,0.6711203522918425,0.6711203522918425,0.6739328307170693,True,True,0.0,2025-05,40342
rolling_3y,2025-05,over15,0.5257614070125036,0.5219619321547053,PROMOTE,0.5381945542701347,0.5381945542701347,0.5361836769830601,False,False,0.0020108772870746083,2025-05,40342
rolling_3y,2025-05,over25,0.6532903547577633,0.6186400663482875,PROMOTE,0.6756634427865009,0.6756634427865009,0.6775346145445162,True,True,0.0,2025-05,40342
rolling_3y,2025-05,over35,0.5415399576606759,0.5019869283097751,PROMOTE,0.6053678143899045,0.6053678143899045,0.6057774981962598,True,True,0.0,2025-05,40342
rolling_3y,2025-06,btts,0.6474136454862452,0.6434850992471365,PROMOTE,0.6728647313173508,0.6728647313173508,0.674379378164129,True,True,0.0,2025-06,40490
rolling_3y,2025-06,over15,0.5236398439099014,0.49577571965271083,PROMOTE,0.5199366627780662,0.5199366627780662,0.5049265121264361,False,False,0.015010150651630028,2025-06,40490
rolling_3y,2025-06,over25,0.6363125988850056,0.5886364896150462,PROMOTE,0.6529154425733781,0.6529154425733781,0.6663063476873144,True,True,0.0,2025-06,40490
rolling_3y,2025-06,over35,0.5350556867773811,0.5299340625632182,PROMOTE,0.6134423205736537,0.6134423205736537,0.6006230317071993,False,False,0.012819288866454337,2025-06,40490
rolling_3y,2025-07,btts,0.6438393369755913,0.624806981051221,PROMOTE,0.6622858479969383,0.6622858479969383,0.6660113968924762,True,True,0.0,2025-07,40266
rolling_3y,2025-07,over15,0.4866014058197475,0.49685634280157975,REJECT,0.5545277278916282,0.5395893605689138,0.5545277278916282,True,False,0.014938367322714363,2025-06,40266
rolling_3y,2025-07,over25,0.5977306367373603,0.6216913330147587,REJECT,0.6664150328240359,0.6674470817008779,0.6664150328240359,False,True,0.0,2025-06,40266
rolling_3y,2025-07,over35,0.5516208419670239,0.5441955842486031,PROMOTE,0.6267586697944507,0.6267586697944507,0.623598441865348,False,False,0.0031602279291027546,2025-07,40266
rolling_3y,2025-08,btts,0.6325109475834224,0.635947221147443,PROMOTE,0.6799662024380361,0.6799662024380361,0.6836429368374644,True,True,0.0,2025-08,39790
rolling_3y,2025-08,over15,0.49928622728710226,0.4604873901850653,PROMOTE,0.5524347263333974,0.5524347263333974,0.5543220599660211,True,True,0.0,2025-08,39790
rolling_3y,2025-08,over25,0.6183028024938478,0.6421673221640027,REJECT,0.6812583041458863,0.6778618159371053,0.6812583041458863,True,False,0.0033964882087810233,2025-06,39790
rolling_3y,2025-08,over35,0.5724135212334139,0.5680691373898547,PROMOTE,0.5824471929170547,0.5824471929170547,0.5834070975663144,True,True,0.0,2025-08,39790
rolling_3y,2025-09,btts,0.6639274288191797,0.6470434912691624,PROMOTE,0.6813094065796458,0.6813094065796458,0.6784498768830571,False,False,0.0028595296965886474,2025-09,39678
rolling_3y,2025-09,over15,0.5201601729067672,0.5085874567331485,PROMOTE,0.5404027916793157,0.5404027916793157,0.5384784465258836,False,False,0.0019243451534320943,2025-09,39678
rolling_3y,2025-09,over25,0.6740826723467456,0.6414670140921308,PROMOTE,0.6757995593297135,0.6757995593297135,0.67321783299158,False,False,0.002581726338133472,2025-09,39678
rolling_3y,2025-09,over35,0.5825955650154181,0.5315389585238365,PROMOTE,0.600516728704628,0.600516728704628,0.6017333838355289,True,True,0.0,2025-09,39678
rolling_3y,2025-10,btts,0.6604577276621584,0.6421149015442336,PROMOTE,0.6629548969906073,0.6629548969906073,0.6623561148998619,False,False,0.0005987820907453756,2025-10,39633
rolling_3y,2025-10,over15,0.5252897966308261,0.5165558929448378,PROMOTE,0.5236394585823453,0.5236394585823453,0.522002645216712,False,False,0.0016368133656332606,2025-10,39633
rolling_3y,2025-10,over25,0.6563256032128862,0.6266409575040064,PROMOTE,0.6775516869803128,0.6775516869803128,0.6769597702842488,False,False,0.0005919166960639544,2025-10,39633
rolling_3y,2025-10,over35,0.5577839898876796,0.5400423913362158,PROMOTE,0.5846396355138197,0.5846396355138197,0.5852104310307086,True,True,0.0,2025-10,39633
rolling_3y,2025-11,btts,0.6492884065332172,0.6450017696401593,PROMOTE,0.6812320480546563,0.6812320480546563,0.6851878247058263,True,True,0.0,2025-11,39080
rolling_3y,2025-11,over15,0.5181215977807864,0.4742960909390588,PROMOTE,0.5612853753171481,0.5612853753171481,0.5529033744099143,False,False,0.008382000907233733,2025-11,39080
rolling_3y,2025-11,over25,0.6443297020495183,0.6494554252923633,REJECT,0.6798833228662748,0.6796629849244907,0.6798833228662748,True,False,0.00022033794178411004,2025-10,39080
rolling_3y,2025-11,over35,0.5491664100314885,0.5407457534790957,PROMOTE,0.5833861189080609,0.5833861189080609,0.588087003249066,True,True,0.0,2025-11,39080
rolling_3y,2025-12,btts,0.6549980050032677,0.6347213156893576,PROMOTE,0.6811263457807111,0.6811263457807111,0.6795880636303049,False,False,0.0015382821504061894,2025-12,39523
rolling_3y,2025-12,over15,0.4994962728579547,0.49684868113687647,PROMOTE,0.5526093791074125,0.5526093791074125,0.554971035020751,True,True,0.0,2025-12,39523
rolling_3y,2025-12,over25,0.6619142023730104,0.6195113451618187,PROMOTE,0.6880965121417324,0.6880965121417324,0.686876541359559,False,False,0.0012199707821733963,2025-12,39523
rolling_3y,2025-12,over35,0.5567904065355133,0.5165016471931645,PROMOTE,0.5831118641772884,0.5831118641772884,0.5759174843991662,False,False,0.007194379778122206,2025-12,39523
rolling_3y,2026-01,btts,0.6453668359850817,0.5975464162819673,PROMOTE,0.6712952002686289,0.6712952002686289,0.6745989806264937,True,True,0.0,2026-01,39804
rolling_3y,2026-01,over15,0.5107582849527127,0.5008973292727903,PROMOTE,0.5553309663787976,0.5553309663787976,0.5573545078670703,True,True,0.0,2026-01,39804
rolling_3y,2026-01,over25,0.6370309878906437,0.6173862969537429,PROMOTE,0.6801047501722753,0.6801047501722753,0.6816197966514387,True,True,0.0,2026-01,39804
rolling_3y,2026-01,over35,0.5309081681585754,0.5325935573521887,PROMOTE,0.5672734980158053,0.5672734980158053,0.5661430845175861,False,False,0.001130413498219185,2026-01,39804
rolling_3y,2026-02,btts,0.62564248126937,0.6248770824096527,PROMOTE,0.6723400590744002,0.6723400590744002,0.6779127861205615,True,True,0.0,2026-02,40027
rolling_3y,2026-02,over15,0.5244462270523328,0.4648490044234119,PROMOTE,0.5550749729680018,0.5550749729680018,0.5519792456142998,False,False,0.0030957273537020047,2026-02,40027
rolling_3y,2026-02,over25,0.6386957918719779,0.631844282690349,PROMOTE,0.6764224769249711,0.6764224769249711,0.6775543267704253,True,True,0.0,2026-02,40027
rolling_3y,2026-02,over35,0.542573893014993,0.5319563786432714,PROMOTE,0.5758265375681045,0.5758265375681045,0.5728004537066707,False,False,0.0030260838614338814,2026-02,40027
rolling_3y,2026-03,btts,0.6412769786981658,0.6288124563259577,PROMOTE,0.6714742926092088,0.6714742926092088,0.667243134854104,False,False,0.004231157755104742,2026-03,40261
rolling_3y,2026-03,over15,0.5009551360279888,0.5046542486227684,PROMOTE,0.5490077355602346,0.5490077355602346,0.5547663434895614,True,True,0.0,2026-03,40261
rolling_3y,2026-03,over25,0.6485444091456934,0.6279304110912324,PROMOTE,0.6717931973385806,0.6717931973385806,0.6677936336062437,False,False,0.003999563732336897,2026-03,40261
rolling_3y,2026-03,over35,0.5442135355876226,0.526676481749108,PROMOTE,0.5859102794594454,0.5859102794594454,0.5849850369633869,False,False,0.0009252424960585204,2026-03,40261
rolling_3y,2026-04,btts,0.643626359696224,0.6308996968663725,PROMOTE,0.6721970533584345,0.6721970533584345,0.6712751781824402,False,False,0.0009218751759942911,2026-04,40599
rolling_3y,2026-04,over15,0.5212022423358218,0.5198299870976069,PROMOTE,0.5262402238911134,0.5262402238911134,0.5298207491904156,True,True,0.0,2026-04,40599
rolling_3y,2026-04,over25,0.6427583969250931,0.6222160808212587,PROMOTE,0.6839720424989508,0.6839720424989508,0.6886050800114359,True,True,0.0,2026-04,40599
rolling_3y,2026-04,over35,0.5477109559795609,0.5338567257684169,PROMOTE,0.5996110490997122,0.5996110490997122,0.5968392632929036,False,False,0.002771785806808591,2026-04,40599
rolling_3y,2026-05,btts,0.6482844360367304,0.6032986031689913,PROMOTE,0.6537302893202954,0.6537302893202954,0.6552596508943955,True,True,0.0,2026-05,40581
rolling_3y,2026-05,over15,0.5211714335721522,0.4778165473247377,PROMOTE,0.4940872798258234,0.4940872798258234,0.49189916430527175,False,False,0.002188115520551648,2026-05,40581
rolling_3y,2026-05,over25,0.6458105304856401,0.6427010771005478,PROMOTE,0.6663740633845046,0.6663740633845046,0.666142612355123,False,False,0.0002314510293816019,2026-05,40581
rolling_3y,2026-05,over35,0.5632089902470928,0.5492930454643621,PROMOTE,0.6103794053240048,0.6103794053240048,0.6139921352402141,True,True,0.0,2026-05,40581
rolling_3y,2026-06,btts,0.6175259634682835,0.6089960733656095,PROMOTE,0.6536132849217346,0.6536132849217346,0.6438742467786706,False,False,0.009739038143064094,2026-06,40571
rolling_3y,2026-06,over15,0.47972963387217654,0.43906352499466317,PROMOTE,0.4794294299227234,0.4794294299227234,0.4869093851960314,True,True,0.0,2026-06,40571
rolling_3y,2026-06,over25,0.6501382347557665,0.6287570753393076,PROMOTE,0.6929276215324964,0.6929276215324964,0.6861599742560262,False,False,0.006767647276470279,2026-06,40571
rolling_3y,2026-06,over35,0.569664858121174,0.5457384659221108,PROMOTE,0.6712945295478217,0.6712945295478217,0.6608414043475398,False,False,0.010453125200281854,2026-06,40571
rolling_3y,2026-07,btts,0.6041908765784031,0.6185902149672703,REJECT,0.66162142028478,0.6588161644947601,0.66162142028478,True,False,0.0028052557900198893,2026-06,40124
rolling_3y,2026-07,over15,0.42740323420642923,0.45945258494208013,REJECT,0.5308755258069328,0.5401394201772018,0.5308755258069328,False,True,0.0,2026-06,40124
rolling_3y,2026-07,over25,0.6295712460711437,0.6198079731480338,PROMOTE,0.6834719211478408,0.6834719211478408,0.6834250973636334,False,False,4.682378420739486e-05,2026-07,40124
rolling_3y,2026-07,over35,0.5526841169723369,0.5590396554919848,REJECT,0.5716106910998842,0.5658642432905174,0.5716106910998842,True,False,0.005746447809366728,2026-06,40124
rolling_3y,2026-08,btts,0.6111008682570446,0.59680234437274,PROMOTE,0.6503687263388407,0.6503687263388407,0.6480298570111845,False,False,0.0023388693276561456,2026-08,39810
rolling_3y,2026-08,over15,0.4398726433937562,0.44402272829255957,PROMOTE,0.5226585567761056,0.5226585567761056,0.5152029561356152,False,False,0.007455600640490445,2026-08,39810
rolling_3y,2026-08,over25,0.6280820520738087,0.6186803580584948,PROMOTE,0.6615408904254616,0.6615408904254616,0.6591801504370298,False,False,0.0023607399884317815,2026-08,39810
rolling_3y,2026-08,over35,0.5641304263153971,0.5580803515473829,PROMOTE,0.6022666235578726,0.6022666235578726,0.6054231829751308,True,True,0.0,2026-08,39810
rolling_3y,2026-09,btts,0.636874306112772,0.5737167028964162,PROMOTE,0.6753052610257174,0.6753052610257174,0.6736507953242119,False,False,0.0016544657015055142,2026-09,39908
rolling_3y,2026-09,over15,0.5064915854285752,0.4865076636523882,PROMOTE,0.516318990804845,0.516318990804845,0.5244143515312983,True,True,0.0,2026-09,39908
rolling_3y,2026-09,over25,0.653226709490351,0.6299315773757377,PROMOTE,0.6783137516424319,0.6783137516424319,0.6809624441820605,True,True,0.0,2026-09,39908
rolling_3y,2026-09,over35,0.5850408044597432,0.5353436849149774,PROMOTE,0.6184966170126461,0.6184966170126461,0.6204581245589751,True,True,0.0,2026-09,39908
