source,league,name_b,name_a,evidence,runner_up_evidence,score_conflicts,identical_string,same_normalised,status,calc_version
backtest_all_leagues,Belgian First Division A,Anderlecht,Anderlecht,114,0,0,True,True,ACCEPTED,1.0.0
backtest_all_leagues,Belgian First Division A,Antwerp,Antwerp,114,0,0,True,True,ACCEPTED,1.0.0
backtest_all_leagues,Belgian First Division A,Beerschot VA,Beerschot VA,36,0,0,True,True,ACCEPTED,1.0.0
backtest_all_leagues,Belgian First Division A,Cercle Brugge,Cercle Brugge,109,0,0,True,True,ACCEPTED,1.0.0
backtest_all_leagues,Belgian First Division A,Charleroi,Charleroi,110,0,0,True,True,ACCEPTED,1.0.0
backtest_all_leagues,Belgian First Division A,Club Brugge,Club Brugge,114,0,0,True,True,ACCEPTED,1.0.0
backtest_all_leagues,Belgian First Division A,Dender,Dender,72,0,0,True,True,ACCEPTED,1.0.0
backtest_all_leagues,Belgian First Division A,Eupen,Eupen,36,0,0,True,True,ACCEPTED,1.0.0
backtest_all_leagues,Belgian First Division A,Genk,Genk,114,0,0,True,True,ACCEPTED,1.0.0
backtest_all_leagues,Belgian First Division A,Gent,Gent,115,0,0,True,True,ACCEPTED,1.0.0
backtest_all_leagues,Belgian First Division A,Kortrijk,Kortrijk,72,0,0,True,True,ACCEPTED,1.0.0
backtest_all_leagues,Belgian First Division A,Mechelen,Mechelen,114,0,0,True,True,ACCEPTED,1.0.0
backtest_all_leagues,Belgian First Division A,Oud-Heverlee Leuven,Oud-Heverlee Leuven,114,0,0,True,True,ACCEPTED,1.0.0
backtest_all_leagues,Belgian First Division A,RAAL La Louviere,RAAL La Louviere,32,0,0,True,True,ACCEPTED,1.0.0
backtest_all_leagues,Belgian First Division A,RWD Molenbeek,RWD Molenbeek,35,0,0,True,True,ACCEPTED,1.0.0
backtest_all_leagues,Belgian First Division A,St Truiden,St Truiden,110,0,0,True,True,ACCEPTED,1.0.0
backtest_all_leagues,Belgian First Division A,St. Gilloise,St. Gilloise,113,0,0,True,True,ACCEPTED,1.0.0
backtest_all_leagues,Belgian First Division A,Standard,Standard,112,0,0,True,True,ACCEPTED,1.0.0
backtest_all_leagues,Belgian First Division A,Waregem,Waregem,33,0,0,True,True,ACCEPTED,1.0.0
backtest_all_leagues,Belgian First Division A,Westerlo,Westerlo,113,0,0,True,True,ACCEPTED,1.0.0
backtest_all_leagues,Bundesliga 2,Bielefeld,Arminia Bielefeld,3,0,0,False,False,ACCEPTED,1.0.0
backtest_all_leagues,Bundesliga 2,Bochum,VfL Bochum,4,0,0,False,True,ACCEPTED,1.0.0
backtest_all_leagues,Bundesliga 2,Braunschweig,Eintracht Braunschweig,11,0,0,False,False,ACCEPTED,1.0.0
backtest_all_leagues,Bundesliga 2,Darmstadt,SV Darmstadt 98,5,0,0,False,False,ACCEPTED,1.0.0
backtest_all_leagues,Bundesliga 2,Dresden,Dynamo Dresden,3,0,0,False,False,ACCEPTED,1.0.0
backtest_all_leagues,Bundesliga 2,Elversberg,SV Elversberg,11,0,0,False,True,ACCEPTED,1.0.0
backtest_all_leagues,Bundesliga 2,FC Koln,1. FC Köln,2,0,0,False,True,ACCEPTED,1.0.0
backtest_all_leagues,Bundesliga 2,Hamburg,Hamburger SV,8,0,0,False,False,ACCEPTED,1.0.0
backtest_all_leagues,Bundesliga 2,Hannover,Hannover 96,11,0,0,False,False,ACCEPTED,1.0.0
backtest_all_leagues,Bundesliga 2,Hansa Rostock,Hansa Rostock,4,0,0,True,True,ACCEPTED,1.0.0
backtest_all_leagues,Bundesliga 2,Holstein Kiel,Holstein Kiel,6,0,0,True,True,ACCEPTED,1.0.0
backtest_all_leagues,Bundesliga 2,Karlsruhe,Karlsruher SC,12,0,0,False,False,ACCEPTED,1.0.0
backtest_all_leagues,Bundesliga 2,Osnabruck,VfL Osnabruck,6,0,0,False,True,ACCEPTED,1.0.0
backtest_all_leagues,Bundesliga 2,Paderborn,SC Paderborn 07,12,0,0,False,False,ACCEPTED,1.0.0
backtest_all_leagues,Bundesliga 2,Preußen Münster,Preußen Münster,2,0,0,True,True,ACCEPTED,1.0.0
backtest_all_leagues,Bundesliga 2,Regensburg,SSV Jahn Regensburg,2,0,0,False,False,ACCEPTED,1.0.0
backtest_all_leagues,Bundesliga 2,Schalke 04,FC Schalke 04,11,0,0,False,True,ACCEPTED,1.0.0
backtest_all_leagues,Bundesliga 2,St Pauli,FC St. Pauli,6,0,0,False,True,ACCEPTED,1.0.0
backtest_all_leagues,Bundesliga 2,Ulm,SSV Ulm 1846,2,0,0,False,False,ACCEPTED,1.0.0
backtest_all_leagues,Bundesliga 2,Wehen,SV Wehen,6,0,0,False,True,ACCEPTED,1.0.0
backtest_all_leagues,Championship,Birmingham,Birmingham,73,0,0,True,True,ACCEPTED,1.0.0
backtest_all_leagues,Championship,Blackburn,Blackburn,109,0,0,True,True,ACCEPTED,1.0.0
backtest_all_leagues,Championship,Bristol City,Bristol City,108,0,0,True,True,ACCEPTED,1.0.0
backtest_all_leagues,Championship,Burnley,Burnley,36,0,0,True,True,ACCEPTED,1.0.0
backtest_all_leagues,Championship,Cardiff,Cardiff,75,0,0,True,True,ACCEPTED,1.0.0
backtest_all_leagues,Championship,Charlton,Charlton,33,0,0,True,True,ACCEPTED,1.0.0
backtest_all_leagues,Championship,Coventry,Coventry,106,0,0,True,True,ACCEPTED,1.0.0
backtest_all_leagues,Championship,Derby,Derby,70,0,0,True,True,ACCEPTED,1.0.0
backtest_all_leagues,Championship,Huddersfield,Huddersfield,39,0,0,True,True,ACCEPTED,1.0.0
backtest_all_leagues,Championship,Hull,Hull City,114,0,0,False,False,ACCEPTED,1.0.0
backtest_all_leagues,Championship,Ipswich,Ipswich,70,0,0,True,True,ACCEPTED,1.0.0
backtest_all_leagues,Championship,Leeds,Leeds,75,0,0,True,True,ACCEPTED,1.0.0
backtest_all_leagues,Championship,Leicester,Leicester,71,0,0,True,True,ACCEPTED,1.0.0
backtest_all_leagues,Championship,Luton,Luton,36,0,0,True,True,ACCEPTED,1.0.0
backtest_all_leagues,Championship,Middlesbrough,Middlesbrough,109,0,0,True,True,ACCEPTED,1.0.0
backtest_all_leagues,Championship,Millwall,Millwall,110,0,0,True,True,ACCEPTED,1.0.0
backtest_all_leagues,Championship,Norwich,Norwich,109,0,0,True,True,ACCEPTED,1.0.0
backtest_all_leagues,Championship,Oxford,Oxford United,72,0,0,False,False,ACCEPTED,1.0.0
backtest_all_leagues,Championship,Plymouth,Plymouth,75,0,0,True,True,ACCEPTED,1.0.0
backtest_all_leagues,Championship,Portsmouth,Portsmouth,68,0,0,True,True,ACCEPTED,1.0.0
backtest_all_leagues,Championship,Preston,Preston,109,0,0,True,True,ACCEPTED,1.0.0
backtest_all_leagues,Championship,QPR,QPR,108,0,0,True,True,ACCEPTED,1.0.0
backtest_all_leagues,Championship,Rotherham,Rotherham,40,0,0,True,True,ACCEPTED,1.0.0
backtest_all_leagues,Championship,Sheffield United,Sheffield Utd,72,0,0,False,False,ACCEPTED,1.0.0
backtest_all_leagues,Championship,Sheffield Weds,Sheffield Wednesday,115,0,0,False,False,ACCEPTED,1.0.0
backtest_all_leagues,Championship,Southampton,Southampton,71,0,0,True,True,ACCEPTED,1.0.0
backtest_all_leagues,Championship,Stoke,Stoke City,114,0,0,False,False,ACCEPTED,1.0.0
backtest_all_leagues,Championship,Sunderland,Sunderland,76,0,0,True,True,ACCEPTED,1.0.0
backtest_all_leagues,Championship,Swansea,Swansea,107,0,0,True,True,ACCEPTED,1.0.0
backtest_all_leagues,Championship,Watford,Watford,108,0,0,True,True,ACCEPTED,1.0.0
backtest_all_leagues,Championship,West Brom,West Brom,109,0,0,True,True,ACCEPTED,1.0.0
backtest_all_leagues,Championship,Wrexham,Wrexham,34,0,0,True,True,ACCEPTED,1.0.0
backtest_all_leagues,Dutch Eredivisie,AZ Alkmaar,AZ Alkmaar,99,0,0,True,True,ACCEPTED,1.0.0
backtest_all_leagues,Dutch Eredivisie,Ajax,Ajax,98,0,0,True,True,ACCEPTED,1.0.0
backtest_all_leagues,Dutch Eredivisie,Almere City,Almere City,67,0,0,True,True,ACCEPTED,1.0.0
backtest_all_leagues,Dutch Eredivisie,Excelsior,Excelsior,64,0,0,True,True,ACCEPTED,1.0.0
backtest_all_leagues,Dutch Eredivisie,Feyenoord,Feyenoord,98,0,0,True,True,ACCEPTED,1.0.0
backtest_all_leagues,Dutch Eredivisie,For Sittard,For Sittard,98,0,0,True,True,ACCEPTED,1.0.0
backtest_all_leagues,Dutch Eredivisie,Go Ahead Eagles,Go Ahead Eagles,99,0,0,True,True,ACCEPTED,1.0.0
backtest_all_leagues,Dutch Eredivisie,Groningen,Groningen,64,0,0,True,True,ACCEPTED,1.0.0
backtest_all_leagues,Dutch Eredivisie,Heerenveen,Heerenveen,98,0,0,True,True,ACCEPTED,1.0.0
backtest_all_leagues,Dutch Eredivisie,Heracles,Heracles,98,0,0,True,True,ACCEPTED,1.0.0
backtest_all_leagues,Dutch Eredivisie,NAC Breda,NAC Breda,64,0,0,True,True,ACCEPTED,1.0.0
backtest_all_leagues,Dutch Eredivisie,Nijmegen,Nijmegen,98,0,0,True,True,ACCEPTED,1.0.0
backtest_all_leagues,Dutch Eredivisie,PSV Eindhoven,PSV Eindhoven,99,0,0,True,True,ACCEPTED,1.0.0
backtest_all_leagues,Dutch Eredivisie,Sparta Rotterdam,Sparta Rotterdam,99,0,0,True,True,ACCEPTED,1.0.0
backtest_all_leagues,Dutch Eredivisie,Telstar,Telstar,31,0,0,True,True,ACCEPTED,1.0.0
backtest_all_leagues,Dutch Eredivisie,Twente,Twente,97,0,0,True,True,ACCEPTED,1.0.0
backtest_all_leagues,Dutch Eredivisie,Utrecht,Utrecht,98,0,0,True,True,ACCEPTED,1.0.0
backtest_all_leagues,Dutch Eredivisie,Vitesse,Vitesse,34,0,0,True,True,ACCEPTED,1.0.0
backtest_all_leagues,Dutch Eredivisie,Volendam,Volendam,64,0,0,True,True,ACCEPTED,1.0.0
backtest_all_leagues,Dutch Eredivisie,Waalwijk,Waalwijk,68,0,0,True,True,ACCEPTED,1.0.0
backtest_all_leagues,Dutch Eredivisie,Willem II,Willem II,34,0,0,True,True,ACCEPTED,1.0.0
backtest_all_leagues,Dutch Eredivisie,Zwolle,Zwolle,99,0,0,True,True,ACCEPTED,1.0.0
backtest_all_leagues,Greek Super League,AEK,AEK Athens FC,62,0,0,False,False,ACCEPTED,1.0.0
backtest_all_leagues,Greek Super League,Aris,Aris Thessalonikis,63,0,0,False,False,ACCEPTED,1.0.0
backtest_all_leagues,Greek Super League,Asteras Tripolis,Asteras Tripolis,57,0,0,True,True,ACCEPTED,1.0.0
backtest_all_leagues,Greek Super League,Athens Kallithea,Kallithea,23,0,0,False,False,ACCEPTED,1.0.0
backtest_all_leagues,Greek Super League,Atromitos,Atromitos,57,0,0,True,True,ACCEPTED,1.0.0
backtest_all_leagues,Greek Super League,Giannina,PAS Giannina,23,0,0,False,False,ACCEPTED,1.0.0
backtest_all_leagues,Greek Super League,Kifisia,Kifisia,40,0,1,True,True,ACCEPTED,1.0.0
backtest_all_leagues,Greek Super League,Lamia,Lamia,40,0,0,True,True,ACCEPTED,1.0.0
backtest_all_leagues,Greek Super League,Larisa,Larisa,20,0,0,True,True,ACCEPTED,1.0.0
backtest_all_leagues,Greek Super League,Levadeiakos,Levadiakos,40,0,0,False,False,ACCEPTED,1.0.0
backtest_all_leagues,Greek Super League,OFI Crete,OFI,63,0,0,False,False,ACCEPTED,1.0.0
backtest_all_leagues,Greek Super League,Olympiakos,Olympiakos Piraeus,62,0,1,False,False,ACCEPTED,1.0.0
backtest_all_leagues,Greek Super League,PAOK,PAOK,53,0,0,True,True,ACCEPTED,1.0.0
backtest_all_leagues,Greek Super League,Panathinaikos,Panathinaikos,53,0,0,True,True,ACCEPTED,1.0.0
backtest_all_leagues,Greek Super League,Panetolikos,Panetolikos,59,0,0,True,True,ACCEPTED,1.0.0
backtest_all_leagues,Greek Super League,Panserraikos,Panserraikos,60,0,0,True,True,ACCEPTED,1.0.0
backtest_all_leagues,Greek Super League,Volos NFC,Volos NFC,55,0,1,True,True,ACCEPTED,1.0.0
backtest_all_leagues,La Liga 2,Albacete,Albacete,79,0,0,True,True,ACCEPTED,1.0.0
backtest_all_leagues,La Liga 2,Alcorcon,Alcorcon,28,0,0,True,True,ACCEPTED,1.0.0
backtest_all_leagues,La Liga 2,Almeria,Almeria,49,0,0,True,True,ACCEPTED,1.0.0
backtest_all_leagues,La Liga 2,Amorebieta,Amorebieta,28,0,0,True,True,ACCEPTED,1.0.0
backtest_all_leagues,La Liga 2,Andorra,FC Andorra,52,0,0,False,True,ACCEPTED,1.0.0
backtest_all_leagues,La Liga 2,Burgos,Burgos,80,0,0,True,True,ACCEPTED,1.0.0
backtest_all_leagues,La Liga 2,Cadiz,Cadiz,50,0,0,True,True,ACCEPTED,1.0.0
backtest_all_leagues,La Liga 2,Cartagena,FC Cartagena,60,0,0,False,True,ACCEPTED,1.0.0
backtest_all_leagues,La Liga 2,Castellon,Castellón,52,0,0,False,True,ACCEPTED,1.0.0
backtest_all_leagues,La Liga 2,Ceuta,AD Ceuta FC,25,0,0,False,False,ACCEPTED,1.0.0
backtest_all_leagues,La Liga 2,Cordoba,Cordoba,50,0,0,True,True,ACCEPTED,1.0.0
backtest_all_leagues,La Liga 2,Cultural Leonesa,Cultural Leonesa,20,0,0,True,True,ACCEPTED,1.0.0
backtest_all_leagues,La Liga 2,Eibar,Eibar,75,0,0,True,True,ACCEPTED,1.0.0
backtest_all_leagues,La Liga 2,Elche,Elche,56,0,0,True,True,ACCEPTED,1.0.0
backtest_all_leagues,La Liga 2,Eldense,Eldense,56,0,0,True,True,ACCEPTED,1.0.0
backtest_all_leagues,La Liga 2,Espanol,Espanyol,30,0,0,False,False,ACCEPTED,1.0.0
backtest_all_leagues,La Liga 2,Ferrol,Racing Ferrol,59,0,0,False,False,ACCEPTED,1.0.0
backtest_all_leagues,La Liga 2,Granada,Granada CF,52,0,0,False,True,ACCEPTED,1.0.0
backtest_all_leagues,La Liga 2,Huesca,Huesca,78,0,0,True,True,ACCEPTED,1.0.0
backtest_all_leagues,La Liga 2,La Coruna,Deportivo La Coruna,51,0,0,False,False,ACCEPTED,1.0.0
backtest_all_leagues,La Liga 2,Las Palmas,Las Palmas,21,0,0,True,True,ACCEPTED,1.0.0
backtest_all_leagues,La Liga 2,Leganes,Leganes,50,0,0,True,True,ACCEPTED,1.0.0
backtest_all_leagues,La Liga 2,Levante,Levante,56,0,0,True,True,ACCEPTED,1.0.0
backtest_all_leagues,La Liga 2,Malaga,Malaga,51,0,0,True,True,ACCEPTED,1.0.0
backtest_all_leagues,La Liga 2,Mirandes,Mirandes,78,0,0,True,True,ACCEPTED,1.0.0
backtest_all_leagues,La Liga 2,Oviedo,Oviedo,56,0,0,True,True,ACCEPTED,1.0.0
backtest_all_leagues,La Liga 2,Santander,Racing Santander,83,0,0,False,False,ACCEPTED,1.0.0
backtest_all_leagues,La Liga 2,Sociedad B,Real Sociedad II,22,0,0,False,False,ACCEPTED,1.0.0
backtest_all_leagues,La Liga 2,Sp Gijon,Sporting Gijon,83,0,0,False,False,ACCEPTED,1.0.0
backtest_all_leagues,La Liga 2,Tenerife,Tenerife,56,0,0,True,True,ACCEPTED,1.0.0
backtest_all_leagues,La Liga 2,Valladolid,Valladolid,50,0,0,True,True,ACCEPTED,1.0.0
backtest_all_leagues,La Liga 2,Villarreal B,Villarreal II,30,0,0,False,False,ACCEPTED,1.0.0
backtest_all_leagues,La Liga 2,Zaragoza,Zaragoza,77,0,0,True,True,ACCEPTED,1.0.0
backtest_all_leagues,League One,AFC Wimbledon,AFC Wimbledon,33,0,0,True,True,ACCEPTED,1.0.0
backtest_all_leagues,League One,Barnsley,Barnsley,97,0,0,True,True,ACCEPTED,1.0.0
backtest_all_leagues,League One,Birmingham,Birmingham,32,0,0,True,True,ACCEPTED,1.0.0
backtest_all_leagues,League One,Blackpool,Blackpool,98,0,0,True,True,ACCEPTED,1.0.0
backtest_all_leagues,League One,Bolton,Bolton,98,0,0,True,True,ACCEPTED,1.0.0
backtest_all_leagues,League One,Bradford,Bradford,32,0,0,True,True,ACCEPTED,1.0.0
backtest_all_leagues,League One,Bristol Rvs,Bristol Rovers,70,0,0,False,False,ACCEPTED,1.0.0
backtest_all_leagues,League One,Burton,Burton Albion,107,0,0,False,False,ACCEPTED,1.0.0
backtest_all_leagues,League One,Cambridge,Cambridge United,70,0,0,False,False,ACCEPTED,1.0.0
backtest_all_leagues,League One,Cardiff,Cardiff,32,0,0,True,True,ACCEPTED,1.0.0
backtest_all_leagues,League One,Carlisle,Carlisle,33,0,0,True,True,ACCEPTED,1.0.0
backtest_all_leagues,League One,Charlton,Charlton,66,0,0,True,True,ACCEPTED,1.0.0
backtest_all_leagues,League One,Cheltenham,Cheltenham,34,0,0,True,True,ACCEPTED,1.0.0
backtest_all_leagues,League One,Crawley Town,Crawley Town,31,0,0,True,True,ACCEPTED,1.0.0
backtest_all_leagues,League One,Derby,Derby,34,0,0,True,True,ACCEPTED,1.0.0
backtest_all_leagues,League One,Doncaster,Doncaster,33,0,0,True,True,ACCEPTED,1.0.0
backtest_all_leagues,League One,Exeter,Exeter City,107,0,0,False,False,ACCEPTED,1.0.0
backtest_all_leagues,League One,Fleetwood Town,Fleetwood Town,33,0,0,True,True,ACCEPTED,1.0.0
backtest_all_leagues,League One,Huddersfield,Huddersfield,65,0,0,True,True,ACCEPTED,1.0.0
backtest_all_leagues,League One,Leyton Orient,Leyton Orient,100,0,0,True,True,ACCEPTED,1.0.0
backtest_all_leagues,League One,Lincoln,Lincoln,98,0,0,True,True,ACCEPTED,1.0.0
backtest_all_leagues,League One,Luton,Luton,32,0,0,True,True,ACCEPTED,1.0.0
backtest_all_leagues,League One,Mansfield,Mansfield Town,68,0,0,False,False,ACCEPTED,1.0.0
backtest_all_leagues,League One,Northampton,Northampton,97,0,0,True,True,ACCEPTED,1.0.0
backtest_all_leagues,League One,Oxford,Oxford United,36,0,0,False,False,ACCEPTED,1.0.0
backtest_all_leagues,League One,Peterboro,Peterborough,106,0,0,False,False,ACCEPTED,1.0.0
backtest_all_leagues,League One,Plymouth,Plymouth,32,0,0,True,True,ACCEPTED,1.0.0
backtest_all_leagues,League One,Port Vale,Port Vale,65,0,0,True,True,ACCEPTED,1.0.0
backtest_all_leagues,League One,Portsmouth,Portsmouth,34,0,0,True,True,ACCEPTED,1.0.0
backtest_all_leagues,League One,Reading,Reading,99,0,0,True,True,ACCEPTED,1.0.0
backtest_all_leagues,League One,Rotherham,Rotherham,63,0,0,True,True,ACCEPTED,1.0.0
backtest_all_leagues,League One,Shrewsbury,Shrewsbury,65,0,0,True,True,ACCEPTED,1.0.0
backtest_all_leagues,League One,Stevenage,Stevenage,96,0,0,True,True,ACCEPTED,1.0.0
backtest_all_leagues,League One,Stockport,Stockport County,69,0,0,False,False,ACCEPTED,1.0.0
backtest_all_leagues,League One,Wigan,Wigan,98,0,0,True,True,ACCEPTED,1.0.0
backtest_all_leagues,League One,Wrexham,Wrexham,32,0,0,True,True,ACCEPTED,1.0.0
backtest_all_leagues,League One,Wycombe,Wycombe,98,0,0,True,True,ACCEPTED,1.0.0
backtest_all_leagues,League Two,AFC Wimbledon,AFC Wimbledon,70,0,0,True,True,ACCEPTED,1.0.0
backtest_all_leagues,League Two,Accrington,Accrington ST,107,0,0,False,False,ACCEPTED,1.0.0
backtest_all_leagues,League Two,Barnet,Barnet,31,0,0,True,True,ACCEPTED,1.0.0
backtest_all_leagues,League Two,Barrow,Barrow,101,0,0,True,True,ACCEPTED,1.0.0
backtest_all_leagues,League Two,Bradford,Bradford,70,0,0,True,True,ACCEPTED,1.0.0
backtest_all_leagues,League Two,Bristol Rvs,Bristol Rovers,33,0,0,False,False,ACCEPTED,1.0.0
backtest_all_leagues,League Two,Bromley,Bromley,71,0,0,True,True,ACCEPTED,1.0.0
backtest_all_leagues,League Two,Cambridge,Cambridge United,32,0,0,False,False,ACCEPTED,1.0.0
backtest_all_leagues,League Two,Carlisle,Carlisle,38,0,0,True,True,ACCEPTED,1.0.0
backtest_all_leagues,League Two,Cheltenham,Cheltenham,68,0,0,True,True,ACCEPTED,1.0.0
backtest_all_leagues,League Two,Chesterfield,Chesterfield,69,0,0,True,True,ACCEPTED,1.0.0
backtest_all_leagues,League Two,Colchester,Colchester,102,0,0,True,True,ACCEPTED,1.0.0
backtest_all_leagues,League Two,Crawley Town,Crawley Town,65,0,0,True,True,ACCEPTED,1.0.0
backtest_all_leagues,League Two,Crewe,Crewe,102,0,0,True,True,ACCEPTED,1.0.0
backtest_all_leagues,League Two,Doncaster,Doncaster,70,0,0,True,True,ACCEPTED,1.0.0
backtest_all_leagues,League Two,Fleetwood Town,Fleetwood Town,68,0,0,True,True,ACCEPTED,1.0.0
backtest_all_leagues,League Two,Forest Green,Forest Green,32,0,0,True,True,ACCEPTED,1.0.0
backtest_all_leagues,League Two,Gillingham,Gillingham,100,0,0,True,True,ACCEPTED,1.0.0
backtest_all_leagues,League Two,Grimsby,Grimsby,101,0,0,True,True,ACCEPTED,1.0.0
backtest_all_leagues,League Two,Harrogate,Harrogate Town,107,0,0,False,False,ACCEPTED,1.0.0
backtest_all_leagues,League Two,Mansfield,Mansfield Town,34,0,0,False,False,ACCEPTED,1.0.0
backtest_all_leagues,League Two,Milton Keynes Dons,Milton Keynes Dons,101,0,0,True,True,ACCEPTED,1.0.0
backtest_all_leagues,League Two,Morecambe,Morecambe,70,0,0,True,True,ACCEPTED,1.0.0
backtest_all_leagues,League Two,Newport County,Newport County,101,0,0,True,True,ACCEPTED,1.0.0
backtest_all_leagues,League Two,Notts County,Notts County,102,0,0,True,True,ACCEPTED,1.0.0
backtest_all_leagues,League Two,Oldham,Oldham,32,0,0,True,True,ACCEPTED,1.0.0
backtest_all_leagues,League Two,Port Vale,Port Vale,38,0,0,True,True,ACCEPTED,1.0.0
backtest_all_leagues,League Two,Salford,Salford City,107,0,0,False,False,ACCEPTED,1.0.0
backtest_all_leagues,League Two,Shrewsbury,Shrewsbury,31,0,0,True,True,ACCEPTED,1.0.0
backtest_all_leagues,League Two,Stockport,Stockport County,34,0,0,False,False,ACCEPTED,1.0.0
backtest_all_leagues,League Two,Sutton,Sutton Utd,34,0,0,False,False,ACCEPTED,1.0.0
backtest_all_leagues,League Two,Swindon,Swindon Town,107,0,0,False,False,ACCEPTED,1.0.0
backtest_all_leagues,League Two,Tranmere,Tranmere,101,0,0,True,True,ACCEPTED,1.0.0
backtest_all_leagues,League Two,Walsall,Walsall,102,0,0,True,True,ACCEPTED,1.0.0
backtest_all_leagues,League Two,Wrexham,Wrexham,32,0,0,True,True,ACCEPTED,1.0.0
backtest_all_leagues,Ligue 2,Ajaccio,Ajaccio,72,0,0,True,True,ACCEPTED,1.0.0
backtest_all_leagues,Ligue 2,Amiens,Amiens,102,0,0,True,True,ACCEPTED,1.0.0
backtest_all_leagues,Ligue 2,Angers,Angers,38,0,0,True,True,ACCEPTED,1.0.0
backtest_all_leagues,Ligue 2,Annecy,Annecy,102,0,0,True,True,ACCEPTED,1.0.0
backtest_all_leagues,Ligue 2,Auxerre,Auxerre,38,0,0,True,True,ACCEPTED,1.0.0
backtest_all_leagues,Ligue 2,Bastia,Bastia,100,0,0,True,True,ACCEPTED,1.0.0
backtest_all_leagues,Ligue 2,Bordeaux,Bordeaux,38,0,0,True,True,ACCEPTED,1.0.0
backtest_all_leagues,Ligue 2,Boulogne,Boulogne,30,0,0,True,True,ACCEPTED,1.0.0
backtest_all_leagues,Ligue 2,Caen,Caen,72,0,0,True,True,ACCEPTED,1.0.0
backtest_all_leagues,Ligue 2,Clermont,Clermont,64,0,0,True,True,ACCEPTED,1.0.0
backtest_all_leagues,Ligue 2,Concarneau,Concarneau,37,0,0,True,True,ACCEPTED,1.0.0
backtest_all_leagues,Ligue 2,Dunkerque,Dunkerque,102,0,0,True,True,ACCEPTED,1.0.0
backtest_all_leagues,Ligue 2,Grenoble,Grenoble,102,0,0,True,True,ACCEPTED,1.0.0
backtest_all_leagues,Ligue 2,Guingamp,Guingamp,102,0,0,True,True,ACCEPTED,1.0.0
backtest_all_leagues,Ligue 2,Laval,Laval,102,0,0,True,True,ACCEPTED,1.0.0
backtest_all_leagues,Ligue 2,Le Mans,Le Mans,29,0,0,True,True,ACCEPTED,1.0.0
backtest_all_leagues,Ligue 2,Lorient,Lorient,33,0,0,True,True,ACCEPTED,1.0.0
backtest_all_leagues,Ligue 2,Martigues,Martigues,33,0,0,True,True,ACCEPTED,1.0.0
backtest_all_leagues,Ligue 2,Metz,Metz,34,0,0,True,True,ACCEPTED,1.0.0
backtest_all_leagues,Ligue 2,Montpellier,Montpellier,29,0,0,True,True,ACCEPTED,1.0.0
backtest_all_leagues,Ligue 2,Nancy,Nancy,30,0,0,True,True,ACCEPTED,1.0.0
backtest_all_leagues,Ligue 2,Paris FC,Paris FC,72,0,0,True,True,ACCEPTED,1.0.0
backtest_all_leagues,Ligue 2,Pau FC,Pau FC,101,0,0,True,True,ACCEPTED,1.0.0
backtest_all_leagues,Ligue 2,Quevilly Rouen,Quevilly Rouen,38,0,0,True,True,ACCEPTED,1.0.0
backtest_all_leagues,Ligue 2,Red Star,Red Star,62,0,0,True,True,ACCEPTED,1.0.0
backtest_all_leagues,Ligue 2,Reims,Reims,30,0,0,True,True,ACCEPTED,1.0.0
backtest_all_leagues,Ligue 2,Rodez,Rodez,101,0,0,True,True,ACCEPTED,1.0.0
backtest_all_leagues,Ligue 2,St Etienne,St Etienne,68,0,0,True,True,ACCEPTED,1.0.0
backtest_all_leagues,Ligue 2,Troyes,Troyes,100,0,0,True,True,ACCEPTED,1.0.0
backtest_all_leagues,Ligue 2,Valenciennes,Valenciennes,37,0,0,True,True,ACCEPTED,1.0.0
backtest_all_leagues,National League,Aldershot,Aldershot,135,0,0,True,True,ACCEPTED,1.0.0
backtest_all_leagues,National League,Altrincham,Altrincham,136,0,0,True,True,ACCEPTED,1.0.0
backtest_all_leagues,National League,Barnet,Barnet,92,0,0,True,True,ACCEPTED,1.0.0
backtest_all_leagues,National League,Boreham Wood,Boreham Wood,90,0,0,True,True,ACCEPTED,1.0.0
backtest_all_leagues,National League,Boston Utd,Boston Utd,88,0,0,True,True,ACCEPTED,1.0.0
backtest_all_leagues,National League,Brackley Town,Brackley Town,43,0,0,True,True,ACCEPTED,1.0.0
backtest_all_leagues,National League,Braintree Town,Braintree Town,90,0,0,True,True,ACCEPTED,1.0.0
backtest_all_leagues,National League,Bromley,Bromley,46,0,0,True,True,ACCEPTED,1.0.0
backtest_all_leagues,National League,Carlisle,Carlisle,44,0,0,True,True,ACCEPTED,1.0.0
backtest_all_leagues,National League,Chesterfield,Chesterfield,46,0,0,True,True,ACCEPTED,1.0.0
backtest_all_leagues,National League,Dag and Red,Dag and Red,92,0,0,True,True,ACCEPTED,1.0.0
backtest_all_leagues,National League,Dorking,Dorking,46,0,0,True,True,ACCEPTED,1.0.0
backtest_all_leagues,National League,Eastleigh,Eastleigh,135,0,0,True,True,ACCEPTED,1.0.0
backtest_all_leagues,National League,Ebbsfleet,Ebbsfleet,92,0,0,True,True,ACCEPTED,1.0.0
backtest_all_leagues,National League,Forest Green,Forest Green,90,0,0,True,True,ACCEPTED,1.0.0
backtest_all_leagues,National League,Fylde,Fylde,92,0,0,True,True,ACCEPTED,1.0.0
backtest_all_leagues,National League,Gateshead,Gateshead,136,0,0,True,True,ACCEPTED,1.0.0
backtest_all_leagues,National League,Halifax,Halifax,136,0,0,True,True,ACCEPTED,1.0.0
backtest_all_leagues,National League,Hartlepool,Hartlepool,135,0,0,True,True,ACCEPTED,1.0.0
backtest_all_leagues,National League,Kidderminster,Kidderminster,45,0,0,True,True,ACCEPTED,1.0.0
backtest_all_leagues,National League,Maidenhead,Maidenhead,92,0,0,True,True,ACCEPTED,1.0.0
backtest_all_leagues,National League,Morecambe,Morecambe,44,0,0,True,True,ACCEPTED,1.0.0
backtest_all_leagues,National League,Oldham,Oldham,92,0,0,True,True,ACCEPTED,1.0.0
backtest_all_leagues,National League,Oxford City,Oxford City,46,0,0,True,True,ACCEPTED,1.0.0
backtest_all_leagues,National League,Rochdale,Rochdale,135,0,0,True,True,ACCEPTED,1.0.0
backtest_all_leagues,National League,Scunthorpe,Scunthorpe,44,0,0,True,True,ACCEPTED,1.0.0
backtest_all_leagues,National League,Solihull,Solihull,135,0,0,True,True,ACCEPTED,1.0.0
backtest_all_leagues,National League,Southend,Southend,134,0,0,True,True,ACCEPTED,1.0.0
backtest_all_leagues,National League,Sutton,Sutton,89,0,0,True,True,ACCEPTED,1.0.0
backtest_all_leagues,National League,Tamworth,Tamworth,89,0,0,True,True,ACCEPTED,1.0.0
backtest_all_leagues,National League,Truro,Truro,44,0,0,True,True,ACCEPTED,1.0.0
backtest_all_leagues,National League,Wealdstone,Wealdstone,135,0,0,True,True,ACCEPTED,1.0.0
backtest_all_leagues,National League,Woking,Woking,134,0,0,True,True,ACCEPTED,1.0.0
backtest_all_leagues,National League,Yeovil,Yeovil,90,0,0,True,True,ACCEPTED,1.0.0
backtest_all_leagues,National League,York,York,136,0,0,True,True,ACCEPTED,1.0.0
backtest_all_leagues,Portuguese Primeira Liga,AVS,AVS,63,0,0,True,True,ACCEPTED,1.0.0
backtest_all_leagues,Portuguese Primeira Liga,Alverca,Alverca,30,0,0,True,True,ACCEPTED,1.0.0
backtest_all_leagues,Portuguese Primeira Liga,Arouca,Arouca,98,0,0,True,True,ACCEPTED,1.0.0
backtest_all_leagues,Portuguese Primeira Liga,Benfica,Benfica,98,0,0,True,True,ACCEPTED,1.0.0
backtest_all_leagues,Portuguese Primeira Liga,Boavista,Boavista,68,0,0,True,True,ACCEPTED,1.0.0
backtest_all_leagues,Portuguese Primeira Liga,Casa Pia,Casa Pia,98,0,0,True,True,ACCEPTED,1.0.0
backtest_all_leagues,Portuguese Primeira Liga,Chaves,Chaves,34,0,0,True,True,ACCEPTED,1.0.0
backtest_all_leagues,Portuguese Primeira Liga,Estoril,Estoril,98,0,0,True,True,ACCEPTED,1.0.0
backtest_all_leagues,Portuguese Primeira Liga,Estrela,Estrela,97,0,0,True,True,ACCEPTED,1.0.0
backtest_all_leagues,Portuguese Primeira Liga,Famalicao,Famalicao,98,0,0,True,True,ACCEPTED,1.0.0
backtest_all_leagues,Portuguese Primeira Liga,Farense,Farense,68,0,0,True,True,ACCEPTED,1.0.0
backtest_all_leagues,Portuguese Primeira Liga,Gil Vicente,Gil Vicente,98,0,0,True,True,ACCEPTED,1.0.0
backtest_all_leagues,Portuguese Primeira Liga,Guimaraes,Guimaraes,97,0,0,True,True,ACCEPTED,1.0.0
backtest_all_leagues,Portuguese Primeira Liga,Moreirense,Moreirense,98,0,0,True,True,ACCEPTED,1.0.0
backtest_all_leagues,Portuguese Primeira Liga,Nacional,Nacional,63,0,0,True,True,ACCEPTED,1.0.0
backtest_all_leagues,Portuguese Primeira Liga,Portimonense,Portimonense,34,0,0,True,True,ACCEPTED,1.0.0
backtest_all_leagues,Portuguese Primeira Liga,Porto,Porto,98,0,0,True,True,ACCEPTED,1.0.0
backtest_all_leagues,Portuguese Primeira Liga,Rio Ave,Rio Ave,98,0,0,True,True,ACCEPTED,1.0.0
backtest_all_leagues,Portuguese Primeira Liga,Santa Clara,Santa Clara,64,0,0,True,True,ACCEPTED,1.0.0
backtest_all_leagues,Portuguese Primeira Liga,Sp Braga,Sp Braga,98,0,0,True,True,ACCEPTED,1.0.0
backtest_all_leagues,Portuguese Primeira Liga,Sp Lisbon,Sp Lisbon,97,0,0,True,True,ACCEPTED,1.0.0
backtest_all_leagues,Portuguese Primeira Liga,Tondela,Tondela,29,0,0,True,True,ACCEPTED,1.0.0
backtest_all_leagues,Portuguese Primeira Liga,Vizela,Vizela,34,0,0,True,True,ACCEPTED,1.0.0
backtest_all_leagues,Scottish Championship,Airdrie Utd,Airdrie Utd,106,0,0,True,True,ACCEPTED,1.0.0
backtest_all_leagues,Scottish Championship,Arbroath,Arbroath,70,0,0,True,True,ACCEPTED,1.0.0
backtest_all_leagues,Scottish Championship,Ayr,Ayr,106,0,0,True,True,ACCEPTED,1.0.0
backtest_all_leagues,Scottish Championship,Dundee United,Dundee United,36,0,0,True,True,ACCEPTED,1.0.0
backtest_all_leagues,Scottish Championship,Dunfermline,Dunfermline,105,0,0,True,True,ACCEPTED,1.0.0
backtest_all_leagues,Scottish Championship,Falkirk,Falkirk,35,0,0,True,True,ACCEPTED,1.0.0
backtest_all_leagues,Scottish Championship,Hamilton,Hamilton,36,0,0,True,True,ACCEPTED,1.0.0
backtest_all_leagues,Scottish Championship,Inverness C,Inverness C,36,0,0,True,True,ACCEPTED,1.0.0
backtest_all_leagues,Scottish Championship,Livingston,Livingston,35,0,0,True,True,ACCEPTED,1.0.0
backtest_all_leagues,Scottish Championship,Morton,Morton,106,0,0,True,True,ACCEPTED,1.0.0
backtest_all_leagues,Scottish Championship,Partick,Partick,105,0,0,True,True,ACCEPTED,1.0.0
backtest_all_leagues,Scottish Championship,Queens Park,Queens Park,105,0,0,True,True,ACCEPTED,1.0.0
backtest_all_leagues,Scottish Championship,Raith Rvs,Raith Rvs,106,0,0,True,True,ACCEPTED,1.0.0
backtest_all_leagues,Scottish Championship,Ross County,Ross County,34,0,0,True,True,ACCEPTED,1.0.0
backtest_all_leagues,Scottish Championship,St Johnstone,St Johnstone,33,0,0,True,True,ACCEPTED,1.0.0
backtest_all_leagues,Scottish Premiership,Aberdeen,Aberdeen,109,0,0,True,True,ACCEPTED,1.0.0
backtest_all_leagues,Scottish Premiership,Celtic,Celtic,109,0,0,True,True,ACCEPTED,1.0.0
backtest_all_leagues,Scottish Premiership,Dundee,Dundee,109,0,0,True,True,ACCEPTED,1.0.0
backtest_all_leagues,Scottish Premiership,Dundee United,Dundee United,71,0,0,True,True,ACCEPTED,1.0.0
backtest_all_leagues,Scottish Premiership,Falkirk,Falkirk,33,0,0,True,True,ACCEPTED,1.0.0
backtest_all_leagues,Scottish Premiership,Hearts,Hearts,109,0,0,True,True,ACCEPTED,1.0.0
backtest_all_leagues,Scottish Premiership,Hibernian,Hibernian,109,0,0,True,True,ACCEPTED,1.0.0
backtest_all_leagues,Scottish Premiership,Kilmarnock,Kilmarnock,109,0,0,True,True,ACCEPTED,1.0.0
backtest_all_leagues,Scottish Premiership,Livingston,Livingston,71,0,0,True,True,ACCEPTED,1.0.0
backtest_all_leagues,Scottish Premiership,Motherwell,Motherwell,109,0,0,True,True,ACCEPTED,1.0.0
backtest_all_leagues,Scottish Premiership,Rangers,Rangers,109,0,0,True,True,ACCEPTED,1.0.0
backtest_all_leagues,Scottish Premiership,Ross County,Ross County,76,0,0,True,True,ACCEPTED,1.0.0
backtest_all_leagues,Scottish Premiership,St Johnstone,St Johnstone,76,0,0,True,True,ACCEPTED,1.0.0
backtest_all_leagues,Scottish Premiership,St Mirren,St Mirren,109,0,0,True,True,ACCEPTED,1.0.0
backtest_all_leagues,Serie B,Ascoli,Ascoli,36,0,0,True,True,ACCEPTED,1.0.0
backtest_all_leagues,Serie B,Avellino,Avellino,34,0,0,True,True,ACCEPTED,1.0.0
backtest_all_leagues,Serie B,Bari,Bari,108,0,0,True,True,ACCEPTED,1.0.0
backtest_all_leagues,Serie B,Brescia,Brescia,74,0,0,True,True,ACCEPTED,1.0.0
backtest_all_leagues,Serie B,Carrarese,Carrarese,71,0,0,True,True,ACCEPTED,1.0.0
backtest_all_leagues,Serie B,Catanzaro,Catanzaro,106,0,0,True,True,ACCEPTED,1.0.0
backtest_all_leagues,Serie B,Cesena,Cesena,71,0,0,True,True,ACCEPTED,1.0.0
backtest_all_leagues,Serie B,Cittadella,Cittadella,74,0,0,True,True,ACCEPTED,1.0.0
backtest_all_leagues,Serie B,Como,Como,36,0,0,True,True,ACCEPTED,1.0.0
backtest_all_leagues,Serie B,Cosenza,Cosenza,74,0,0,True,True,ACCEPTED,1.0.0
backtest_all_leagues,Serie B,Cremonese,Cremonese,74,0,0,True,True,ACCEPTED,1.0.0
backtest_all_leagues,Serie B,Empoli,Empoli,34,0,0,True,True,ACCEPTED,1.0.0
backtest_all_leagues,Serie B,FeralpiSalo,Feralpisalo,38,0,0,False,True,ACCEPTED,1.0.0
backtest_all_leagues,Serie B,Frosinone,Frosinone,72,0,0,True,True,ACCEPTED,1.0.0
backtest_all_leagues,Serie B,Juve Stabia,Juve Stabia,72,0,0,True,True,ACCEPTED,1.0.0
backtest_all_leagues,Serie B,Lecco,Lecco,35,0,0,True,True,ACCEPTED,1.0.0
backtest_all_leagues,Serie B,Mantova,Mantova,72,0,0,True,True,ACCEPTED,1.0.0
backtest_all_leagues,Serie B,Modena,Modena,107,0,0,True,True,ACCEPTED,1.0.0
backtest_all_leagues,Serie B,Monza,Monza,34,0,0,True,True,ACCEPTED,1.0.0
backtest_all_leagues,Serie B,Padova,Padova,34,0,0,True,True,ACCEPTED,1.0.0
backtest_all_leagues,Serie B,Palermo,Palermo,108,0,0,True,True,ACCEPTED,1.0.0
backtest_all_leagues,Serie B,Parma,Parma,36,0,0,True,True,ACCEPTED,1.0.0
backtest_all_leagues,Serie B,Pescara,Pescara,34,0,0,True,True,ACCEPTED,1.0.0
backtest_all_leagues,Serie B,Pisa,Pisa,74,0,0,True,True,ACCEPTED,1.0.0
backtest_all_leagues,Serie B,Reggiana,Reggiana,108,0,0,True,True,ACCEPTED,1.0.0
backtest_all_leagues,Serie B,Salernitana,Salernitana,38,0,0,True,True,ACCEPTED,1.0.0
backtest_all_leagues,Serie B,Sampdoria,Sampdoria,108,0,0,True,True,ACCEPTED,1.0.0
backtest_all_leagues,Serie B,Sassuolo,Sassuolo,38,0,0,True,True,ACCEPTED,1.0.0
backtest_all_leagues,Serie B,Spezia,Spezia,108,0,0,True,True,ACCEPTED,1.0.0
backtest_all_leagues,Serie B,Sudtirol,Sudtirol,108,0,0,True,True,ACCEPTED,1.0.0
backtest_all_leagues,Serie B,Ternana,Ternana,36,0,0,True,True,ACCEPTED,1.0.0
backtest_all_leagues,Serie B,Venezia,Venezia,70,0,0,True,True,ACCEPTED,1.0.0
backtest_all_leagues,Serie B,Virtus Entella,Virtus Entella,34,0,0,True,True,ACCEPTED,1.0.0
backtest_all_leagues,Turkish Super Lig,Ad. Demirspor,Ad. Demirspor,74,0,0,True,True,ACCEPTED,1.0.0
backtest_all_leagues,Turkish Super Lig,Alanyaspor,Alanyaspor,104,0,0,True,True,ACCEPTED,1.0.0
backtest_all_leagues,Turkish Super Lig,Ankaragucu,Ankaragucu,38,0,0,True,True,ACCEPTED,1.0.0
backtest_all_leagues,Turkish Super Lig,Antalyaspor,Antalyaspor,104,0,0,True,True,ACCEPTED,1.0.0
backtest_all_leagues,Turkish Super Lig,Besiktas,Besiktas,104,0,0,True,True,ACCEPTED,1.0.0
backtest_all_leagues,Turkish Super Lig,Bodrumspor,Bodrumspor,35,0,0,True,True,ACCEPTED,1.0.0
backtest_all_leagues,Turkish Super Lig,Buyuksehyr,Buyuksehyr,104,0,0,True,True,ACCEPTED,1.0.0
backtest_all_leagues,Turkish Super Lig,Eyupspor,Eyupspor,66,0,0,True,True,ACCEPTED,1.0.0
backtest_all_leagues,Turkish Super Lig,Fenerbahce,Fenerbahce,104,0,0,True,True,ACCEPTED,1.0.0
backtest_all_leagues,Turkish Super Lig,Galatasaray,Galatasaray,104,0,0,True,True,ACCEPTED,1.0.0
backtest_all_leagues,Turkish Super Lig,Gaziantep,Gaziantep,103,0,0,True,True,ACCEPTED,1.0.0
backtest_all_leagues,Turkish Super Lig,Genclerbirligi,Genclerbirligi,30,0,0,True,True,ACCEPTED,1.0.0
backtest_all_leagues,Turkish Super Lig,Goztep,Goztep,66,0,0,True,True,ACCEPTED,1.0.0
backtest_all_leagues,Turkish Super Lig,Hatayspor,Hatayspor,73,0,0,True,True,ACCEPTED,1.0.0
backtest_all_leagues,Turkish Super Lig,Istanbulspor,Istanbulspor,38,0,0,True,True,ACCEPTED,1.0.0
backtest_all_leagues,Turkish Super Lig,Karagumruk,Karagumruk,68,0,0,True,True,ACCEPTED,1.0.0
backtest_all_leagues,Turkish Super Lig,Kasimpasa,Kasimpasa,104,0,0,True,True,ACCEPTED,1.0.0
backtest_all_leagues,Turkish Super Lig,Kayserispor,Kayserispor,104,0,0,True,True,ACCEPTED,1.0.0
backtest_all_leagues,Turkish Super Lig,Kocaelispor,Kocaelispor,30,0,0,True,True,ACCEPTED,1.0.0
backtest_all_leagues,Turkish Super Lig,Konyaspor,Konyaspor,104,0,0,True,True,ACCEPTED,1.0.0
backtest_all_leagues,Turkish Super Lig,Pendikspor,Pendikspor,37,0,0,True,True,ACCEPTED,1.0.0
backtest_all_leagues,Turkish Super Lig,Rizespor,Rizespor,104,0,0,True,True,ACCEPTED,1.0.0
backtest_all_leagues,Turkish Super Lig,Samsunspor,Samsunspor,104,0,0,True,True,ACCEPTED,1.0.0
backtest_all_leagues,Turkish Super Lig,Sivasspor,Sivasspor,74,0,0,True,True,ACCEPTED,1.0.0
backtest_all_leagues,Turkish Super Lig,Trabzonspor,Trabzonspor,104,0,0,True,True,ACCEPTED,1.0.0
backtest_all_leagues,Bundesliga 2,Fortuna Dusseldorf,Fortuna Düsseldorf,6,4,0,False,True,AMBIGUOUS,1.0.0
backtest_all_leagues,Bundesliga 2,Greuther Furth,SpVgg Greuther Furth,6,6,0,False,False,AMBIGUOUS,1.0.0
backtest_all_leagues,Bundesliga 2,Hertha,Hertha Berlin,6,5,0,False,False,AMBIGUOUS,1.0.0
backtest_all_leagues,Bundesliga 2,Kaiserslautern,FC Kaiserslautern,6,5,0,False,True,AMBIGUOUS,1.0.0
backtest_all_leagues,Bundesliga 2,Magdeburg,FC Magdeburg,6,5,0,False,True,AMBIGUOUS,1.0.0
backtest_all_leagues,Bundesliga 2,Nurnberg,FC Nurnberg,6,6,0,False,True,AMBIGUOUS,1.0.0
af_history,Argentina Primera Division,Banfield,Banfield,2,0,0,True,True,ACCEPTED,1.0.0
af_history,Argentina Primera Division,Colon Santa Fe,Colon Santa Fe,2,0,0,True,True,ACCEPTED,1.0.0
af_history,Argentina Primera Division,Deportivo Riestra,Dep. Riestra,2,0,0,False,False,ACCEPTED,1.0.0
af_history,Argentina Primera Division,Gimnasia L.P.,Gimnasia L.P.,2,0,0,True,True,ACCEPTED,1.0.0
af_history,Argentina Primera Division,Godoy Cruz,Godoy Cruz,2,0,0,True,True,ACCEPTED,1.0.0
af_history,Argentina Primera Division,Independ. Rivadavia,Ind. Rivadavia,3,0,0,False,False,ACCEPTED,1.0.0
af_history,Argentina Primera Division,Independiente,Independiente,2,0,0,True,True,ACCEPTED,1.0.0
af_history,Argentina Primera Division,Newells Old Boys,Newells Old Boys,3,0,0,True,True,ACCEPTED,1.0.0
af_history,Argentina Primera Division,Racing Club,Racing Club,3,0,0,True,True,ACCEPTED,1.0.0
af_history,Argentina Primera Division,Rosario Central,Rosario Central,3,0,0,True,True,ACCEPTED,1.0.0
af_history,Argentina Primera Division,San Lorenzo,San Lorenzo,2,0,0,True,True,ACCEPTED,1.0.0
af_history,Argentina Primera Division,Tigre,Tigre,2,0,0,True,True,ACCEPTED,1.0.0
af_history,Argentina Primera Division,Velez Sarsfield,Velez Sarsfield,5,0,0,True,True,ACCEPTED,1.0.0
af_history,Austrian Bundesliga,Red Bull Salzburg,Salzburg,2,0,0,False,False,ACCEPTED,1.0.0
af_history,Brazil Serie A,Atletico Paranaense,Athletico-PR,3,0,0,False,False,ACCEPTED,1.0.0
af_history,Brazil Serie A,Botafogo,Botafogo RJ,3,0,0,False,False,ACCEPTED,1.0.0
af_history,Brazil Serie A,Chapecoense-sc,Chapecoense-SC,3,0,0,False,True,ACCEPTED,1.0.0
af_history,Brazil Serie A,Flamengo,Flamengo RJ,2,0,0,False,False,ACCEPTED,1.0.0
af_history,Brazil Serie A,Vasco DA Gama,Vasco,2,0,0,False,False,ACCEPTED,1.0.0
af_history,China Super League,Beijing Guoan,Beijing Guoan,3,0,0,True,True,ACCEPTED,1.0.0
af_history,China Super League,Dalian Aerbin,Dalian Aerbin,2,0,0,True,True,ACCEPTED,1.0.0
af_history,China Super League,Guangzhou R&F,Guangzhou R&F,2,0,0,True,True,ACCEPTED,1.0.0
af_history,China Super League,Shanghai Shenhua,Shanghai Shenhua,2,0,0,True,True,ACCEPTED,1.0.0
af_history,China Super League,Wuhan Three Towns,Wuhan Three Towns,2,0,0,True,True,ACCEPTED,1.0.0
af_history,Finland Veikkausliiga,AC Oulu,AC Oulu,143,0,1,True,True,ACCEPTED,1.0.0
af_history,Finland Veikkausliiga,Gnistan,Gnistan,55,0,0,True,True,ACCEPTED,1.0.0
af_history,Finland Veikkausliiga,Haka,Haka,91,0,0,True,True,ACCEPTED,1.0.0
af_history,Finland Veikkausliiga,Honka,Honka,59,0,0,True,True,ACCEPTED,1.0.0
af_history,Finland Veikkausliiga,Ilves,Ilves,115,0,0,True,True,ACCEPTED,1.0.0
af_history,Finland Veikkausliiga,Inter Turku,Inter Turku,115,0,0,True,True,ACCEPTED,1.0.0
af_history,Finland Veikkausliiga,KPV Kokkola,KPV Kokkola,11,0,0,True,True,ACCEPTED,1.0.0
af_history,Finland Veikkausliiga,KuPS,KuPS,114,0,0,True,True,ACCEPTED,1.0.0
af_history,Finland Veikkausliiga,Lahti,Lahti,96,0,0,True,True,ACCEPTED,1.0.0
af_history,Finland Veikkausliiga,Mariehamn,Mariehamn,112,0,0,True,True,ACCEPTED,1.0.0
af_history,Finland Veikkausliiga,Rops,Rops,37,0,0,True,True,ACCEPTED,1.0.0
af_history,Finland Veikkausliiga,SJK,SJK,115,0,0,True,True,ACCEPTED,1.0.0
af_history,Finland Veikkausliiga,VPS,VPS,86,0,1,True,True,ACCEPTED,1.0.0
af_history,Ireland Premier Division,Bohemians,Bohemians,151,0,0,True,True,ACCEPTED,1.0.0
af_history,Ireland Premier Division,Bray Wanderers,Bray Wanderers,2,0,0,True,True,ACCEPTED,1.0.0
af_history,Ireland Premier Division,Cork City,Cork City,77,0,0,True,True,ACCEPTED,1.0.0
af_history,Ireland Premier Division,Derry City,Derry City,151,0,0,True,True,ACCEPTED,1.0.0
af_history,Ireland Premier Division,Dundalk,Dundalk,148,0,0,True,True,ACCEPTED,1.0.0
af_history,Ireland Premier Division,Finn Harps,Finn Harps,126,0,0,True,True,ACCEPTED,1.0.0
af_history,Ireland Premier Division,Longford Town,Longford Town,36,0,0,True,True,ACCEPTED,1.0.0
af_history,Ireland Premier Division,Shamrock Rovers,Shamrock Rovers,151,0,0,True,True,ACCEPTED,1.0.0
af_history,Ireland Premier Division,Shelbourne,Shelbourne,78,0,0,True,True,ACCEPTED,1.0.0
af_history,Ireland Premier Division,Sligo Rovers,Sligo Rovers,152,0,0,True,True,ACCEPTED,1.0.0
af_history,Ireland Premier Division,Waterford,Waterford,97,0,0,True,True,ACCEPTED,1.0.0
af_history,K-League 1,Bucheon FC 1995,Bucheon FC 1995,17,0,0,True,True,ACCEPTED,1.0.0
af_history,K-League 1,Daegu FC,Daegu FC,47,0,0,True,True,ACCEPTED,1.0.0
af_history,K-League 1,Daejeon Citizen,Daejeon Citizen,61,0,0,True,True,ACCEPTED,1.0.0
af_history,K-League 1,FC Anyang,FC Anyang,38,0,0,True,True,ACCEPTED,1.0.0
af_history,K-League 1,FC Seoul,FC Seoul,58,0,0,True,True,ACCEPTED,1.0.0
af_history,K-League 1,Gangwon FC,Gangwon FC,61,0,0,True,True,ACCEPTED,1.0.0
af_history,K-League 1,Gimcheon Sangmu FC,Gimcheon Sangmu FC,61,0,0,True,True,ACCEPTED,1.0.0
af_history,K-League 1,Gwangju FC,Gwangju FC,66,0,0,True,True,ACCEPTED,1.0.0
af_history,K-League 1,Incheon United,Incheon United,42,0,0,True,True,ACCEPTED,1.0.0
af_history,K-League 1,Jeju United FC,Jeju United FC,67,0,0,True,True,ACCEPTED,1.0.0
af_history,K-League 1,Jeonbuk Motors,Jeonbuk Motors,67,0,0,True,True,ACCEPTED,1.0.0
af_history,K-League 1,Pohang Steelers,Pohang Steelers,60,0,0,True,True,ACCEPTED,1.0.0
af_history,K-League 1,Sangju Sangmu FC,Sangju Sangmu FC,2,0,0,True,True,ACCEPTED,1.0.0
af_history,K-League 1,Seoul E-Land FC,Seoul E-Land FC,2,0,0,True,True,ACCEPTED,1.0.0
af_history,K-League 1,Suwon Bluewings,Suwon Bluewings,3,0,0,True,True,ACCEPTED,1.0.0
af_history,K-League 1,Suwon City FC,Suwon City FC,44,0,0,True,True,ACCEPTED,1.0.0
af_history,K-League 1,Ulsan Hyundai FC,Ulsan Hyundai FC,65,0,0,True,True,ACCEPTED,1.0.0
af_history,Mexico Liga MX,Atlante FC,Atlante,2,0,0,False,True,ACCEPTED,1.0.0
af_history,Mexico Liga MX,FC Juarez,Juarez,2,0,0,False,True,ACCEPTED,1.0.0
af_history,Norway Eliteserien,Ham-Kam,HamKam,3,0,0,False,False,ACCEPTED,1.0.0
af_history,Norway Eliteserien,Kristiansund BK,Kristiansund,3,0,0,False,True,ACCEPTED,1.0.0
af_history,Romanian Superliga,AFC Hermannstadt,AFC Hermannstadt,14,0,0,True,True,ACCEPTED,1.0.0
af_history,Romanian Superliga,Arges Pitesti,Arges Pitesti,17,0,0,True,True,ACCEPTED,1.0.0
af_history,Romanian Superliga,CFR 1907 Cluj,CFR 1907 Cluj,12,0,0,True,True,ACCEPTED,1.0.0
af_history,Romanian Superliga,CS Mioveni,CS Mioveni,15,0,0,True,True,ACCEPTED,1.0.0
af_history,Romanian Superliga,CS Universitatea Craiova,CS Universitatea Craiova,5,0,0,True,True,ACCEPTED,1.0.0
af_history,Romanian Superliga,Chindia Targoviste,Chindia Targoviste,17,0,0,True,True,ACCEPTED,1.0.0
af_history,Romanian Superliga,Csikszereda,Csikszereda,2,0,0,True,True,ACCEPTED,1.0.0
af_history,Romanian Superliga,Dinamo Bucuresti,Dinamo Bucuresti,6,0,0,True,True,ACCEPTED,1.0.0
af_history,Romanian Superliga,FC Astra Giurgiu,FC Astra Giurgiu,2,0,0,True,True,ACCEPTED,1.0.0
af_history,Romanian Superliga,FC Botosani,FC Botosani,16,0,0,True,True,ACCEPTED,1.0.0
af_history,Romanian Superliga,FC Clinceni,FC Clinceni,7,0,0,True,True,ACCEPTED,1.0.0
af_history,Romanian Superliga,FC Voluntari,FC Voluntari,17,0,0,True,True,ACCEPTED,1.0.0
af_history,Romanian Superliga,FCSB,FCSB,14,0,0,True,True,ACCEPTED,1.0.0
af_history,Romanian Superliga,Farul Constanta,Farul Constanta,12,0,0,True,True,ACCEPTED,1.0.0
af_history,Romanian Superliga,GAZ Metan Medias,GAZ Metan Medias,2,0,0,True,True,ACCEPTED,1.0.0
af_history,Romanian Superliga,Petrolul Ploiesti,Petrolul Ploiesti,15,0,0,True,True,ACCEPTED,1.0.0
af_history,Romanian Superliga,Politehnica Iasi,Politehnica Iasi,13,0,0,True,True,ACCEPTED,1.0.0
af_history,Romanian Superliga,Rapid,Rapid,11,0,0,True,True,ACCEPTED,1.0.0
af_history,Romanian Superliga,Sepsi OSK Sfantu Gheorghe,Sepsi OSK Sfantu Gheorghe,16,0,0,True,True,ACCEPTED,1.0.0
af_history,Romanian Superliga,U Craiova 1948,U Craiova 1948,12,0,0,True,True,ACCEPTED,1.0.0
af_history,Romanian Superliga,Universitatea Cluj,Universitatea Cluj,14,0,0,True,True,ACCEPTED,1.0.0
af_history,Romanian Superliga,Universitatea Craiova,Universitatea Craiova,12,0,0,True,True,ACCEPTED,1.0.0
af_history,Romanian Superliga,Uta Arad,Uta Arad,15,0,0,True,True,ACCEPTED,1.0.0
af_history,Romanian Superliga,Viitorul Constanta,Viitorul Constanta,3,0,0,True,True,ACCEPTED,1.0.0
af_history,Saudi Pro League,Abha,Abha,2,0,0,True,True,ACCEPTED,1.0.0
af_history,Saudi Pro League,Al Taawon,Al Taawon,4,0,0,True,True,ACCEPTED,1.0.0
af_history,Saudi Pro League,Al Taee,Al Taee,2,0,0,True,True,ACCEPTED,1.0.0
af_history,Saudi Pro League,Al Wehda Club,Al Wehda Club,7,0,0,True,True,ACCEPTED,1.0.0
af_history,Saudi Pro League,Al-Adalah,Al-Adalah,3,0,0,True,True,ACCEPTED,1.0.0
af_history,Saudi Pro League,Al-Ahli Jeddah,Al-Ahli Jeddah,4,0,0,True,True,ACCEPTED,1.0.0
af_history,Saudi Pro League,Al-Faisaly FC,Al-Faisaly FC,3,0,0,True,True,ACCEPTED,1.0.0
af_history,Saudi Pro League,Al-Fayha,Al-Fayha,2,0,0,True,True,ACCEPTED,1.0.0
af_history,Saudi Pro League,Al-Hazm,Al-Hazm,4,0,0,True,True,ACCEPTED,1.0.0
af_history,Saudi Pro League,Al-Hilal Saudi FC,Al-Hilal Saudi FC,2,0,0,True,True,ACCEPTED,1.0.0
af_history,Saudi Pro League,Al-Nassr,Al-Nassr,3,0,0,True,True,ACCEPTED,1.0.0
af_history,Saudi Pro League,Al-Raed,Al-Raed,2,0,0,True,True,ACCEPTED,1.0.0
af_history,Saudi Pro League,Dhamk,Dhamk,2,0,0,True,True,ACCEPTED,1.0.0
af_history,Sweden Allsvenskan,AIK Stockholm,AIK,2,0,0,False,False,ACCEPTED,1.0.0
af_history,Sweden Allsvenskan,Degerfors IF,Degerfors,2,0,0,False,True,ACCEPTED,1.0.0
af_history,Sweden Allsvenskan,Orgryte IS,Orgryte,2,0,0,False,False,ACCEPTED,1.0.0
af_history,Sweden Allsvenskan,Vasteras SK FK,Vasteras SK,2,0,0,False,False,ACCEPTED,1.0.0
af_history,USA MLS,Austin,Austin FC,4,0,0,False,True,ACCEPTED,1.0.0
af_history,USA MLS,FC Cincinnati,FC Cincinnati,2,0,0,True,True,ACCEPTED,1.0.0
af_history,USA MLS,Inter Miami,Inter Miami,2,0,0,True,True,ACCEPTED,1.0.0
af_history,USA MLS,San Diego,San Diego FC,2,0,0,False,True,ACCEPTED,1.0.0
af_history,USA MLS,San Jose Earthquakes,San Jose Earthquakes,2,0,0,True,True,ACCEPTED,1.0.0
af_history,USA MLS,Toronto FC,Toronto FC,2,0,0,True,True,ACCEPTED,1.0.0
af_history,Argentina Primera Division,Argentinos JRS,Argentinos Jrs,3,2,0,False,True,AMBIGUOUS,1.0.0
af_history,Argentina Primera Division,Atletico Tucuman,Atl. Tucuman,3,2,0,False,False,AMBIGUOUS,1.0.0
af_history,Argentina Primera Division,Central Cordoba de Santiago,Central Cordoba de Santiago,32,2,0,True,True,AMBIGUOUS,1.0.0
af_history,Argentina Primera Division,Defensa Y Justicia,Defensa Y Justicia,2,1,0,True,True,AMBIGUOUS,1.0.0
af_history,Argentina Primera Division,Estudiantes de Rio Cuarto,Estudiantes de Rio Cuarto,1,1,0,True,True,AMBIGUOUS,1.0.0
af_history,Argentina Primera Division,Gimnasia M.,Gimnasia Mendoza,1,1,0,False,False,AMBIGUOUS,1.0.0
af_history,Argentina Primera Division,Union Santa Fe,Union de Santa Fe,1,1,0,False,False,AMBIGUOUS,1.0.0
af_history,Brazil Serie A,Fortaleza EC,Fortaleza EC,1,1,0,True,True,AMBIGUOUS,1.0.0
af_history,China Super League,Hebei Zhongji,Hebei Zhongji,4,1,0,True,True,AMBIGUOUS,1.0.0
af_history,China Super League,Henan Jianye,Henan Jianye,1,1,0,True,True,AMBIGUOUS,1.0.0
af_history,China Super League,SHANGHAI SIPG,Shanghai Port,2,1,0,False,False,AMBIGUOUS,1.0.0
af_history,China Super League,Shandong Luneng,Shandong Luneng,3,1,0,True,True,AMBIGUOUS,1.0.0
af_history,China Super League,Shijiazhuang Y. J.,Shijiazhuang Y. J.,2,1,0,True,True,AMBIGUOUS,1.0.0
af_history,China Super League,Tianjin Teda,Tianjin Teda,3,1,0,True,True,AMBIGUOUS,1.0.0
af_history,Finland Veikkausliiga,EIF,EIF,27,25,0,True,True,AMBIGUOUS,1.0.0
af_history,Finland Veikkausliiga,FF Jaro,FF Jaro,31,29,0,True,True,AMBIGUOUS,1.0.0
af_history,Finland Veikkausliiga,HIFK Helsinki,HIFK Helsinki,51,9,0,True,True,AMBIGUOUS,1.0.0
af_history,Finland Veikkausliiga,HJK Helsinki,HJK Helsinki,111,67,0,True,True,AMBIGUOUS,1.0.0
af_history,Finland Veikkausliiga,Kooteepee,Kooteepee,32,16,0,True,True,AMBIGUOUS,1.0.0
af_history,Finland Veikkausliiga,Turku PS,Turku PS,37,14,0,True,True,AMBIGUOUS,1.0.0
af_history,Ireland Premier Division,Drogheda United,Drogheda United,97,50,0,True,True,AMBIGUOUS,1.0.0
af_history,Ireland Premier Division,Galway United,Galway,7,4,0,False,False,AMBIGUOUS,1.0.0
af_history,Ireland Premier Division,St Patrick's Athl.,St Patrick's Athl.,151,51,0,True,True,AMBIGUOUS,1.0.0
af_history,Ireland Premier Division,UCD,UCD,95,46,0,True,True,AMBIGUOUS,1.0.0
af_history,Mexico Liga MX,Leon,Leon,1,1,0,True,True,AMBIGUOUS,1.0.0
af_history,Norway Eliteserien,Sarpsborg 08 FF,Sarpsborg 08,3,1,0,False,False,AMBIGUOUS,1.0.0
af_history,USA MLS,Minnesota United FC,Minnesota United,4,3,0,False,True,AMBIGUOUS,1.0.0
af_history,USA MLS,New York City FC,New York City,2,1,0,False,True,AMBIGUOUS,1.0.0
af_history,Argentina Primera Division,Aldosivi,Aldosivi,1,0,0,True,True,WEAK_EVIDENCE,1.0.0
af_history,Argentina Primera Division,Arsenal Sarandi,Arsenal Sarandi,1,0,0,True,True,WEAK_EVIDENCE,1.0.0
af_history,Argentina Primera Division,Belgrano Cordoba,Belgrano,1,0,0,False,False,WEAK_EVIDENCE,1.0.0
af_history,Argentina Primera Division,Boca Juniors,Boca Juniors,1,0,0,True,True,WEAK_EVIDENCE,1.0.0
af_history,Argentina Primera Division,Estudiantes L.P.,Estudiantes L.P.,1,0,0,True,True,WEAK_EVIDENCE,1.0.0
af_history,Argentina Primera Division,Huracan,Huracan,1,0,0,True,True,WEAK_EVIDENCE,1.0.0
af_history,Argentina Primera Division,Instituto Cordoba,Instituto,1,0,0,False,False,WEAK_EVIDENCE,1.0.0
af_history,Argentina Primera Division,Lanus,Lanus,1,0,0,True,True,WEAK_EVIDENCE,1.0.0
af_history,Argentina Primera Division,Platense,Platense,1,0,0,True,True,WEAK_EVIDENCE,1.0.0
af_history,Argentina Primera Division,River Plate,River Plate,1,0,0,True,True,WEAK_EVIDENCE,1.0.0
af_history,Argentina Primera Division,Sarmiento Junin,Sarmiento Junin,1,0,0,True,True,WEAK_EVIDENCE,1.0.0
af_history,Austrian Bundesliga,Austria Lustenau,A. Lustenau,1,0,0,False,False,WEAK_EVIDENCE,1.0.0
af_history,Austrian Bundesliga,Lask Linz,LASK,1,0,0,False,False,WEAK_EVIDENCE,1.0.0
af_history,Austrian Bundesliga,Rapid Vienna,SK Rapid,1,0,0,False,False,WEAK_EVIDENCE,1.0.0
af_history,Austrian Bundesliga,SCR Altach,Altach,1,0,0,False,False,WEAK_EVIDENCE,1.0.0
af_history,Brazil Serie A,Atletico-MG,Atletico-MG,1,0,0,True,True,WEAK_EVIDENCE,1.0.0
af_history,Brazil Serie A,Bahia,Bahia,1,0,0,True,True,WEAK_EVIDENCE,1.0.0
af_history,Brazil Serie A,Internacional,Internacional,1,0,0,True,True,WEAK_EVIDENCE,1.0.0
af_history,Brazil Serie A,RB Bragantino,Bragantino,1,0,0,False,False,WEAK_EVIDENCE,1.0.0
af_history,China Super League,Beijing Renhe,Beijing Renhe,1,0,0,True,True,WEAK_EVIDENCE,1.0.0
af_history,China Super League,Chongqing Lifan,Chongqing Lifan,1,0,0,True,True,WEAK_EVIDENCE,1.0.0
af_history,China Super League,Chongqing Tongliang Long,Chongqing Tonglianglong,1,0,0,False,False,WEAK_EVIDENCE,1.0.0
af_history,China Super League,Guangzhou Evergrande FC,Guangzhou Evergrande FC,1,0,0,True,True,WEAK_EVIDENCE,1.0.0
af_history,China Super League,Hangzhou Greentown,Zhejiang Professional,1,0,0,False,False,WEAK_EVIDENCE,1.0.0
af_history,China Super League,Jiangsu Suning,Jiangsu Suning,1,0,0,True,True,WEAK_EVIDENCE,1.0.0
af_history,China Super League,Meizhou Kejia,Meizhou Kejia,1,0,0,True,True,WEAK_EVIDENCE,1.0.0
af_history,China Super League,Qingdao Youth Island,Qingdao West Coast,1,0,0,False,False,WEAK_EVIDENCE,1.0.0
af_history,China Super League,Shanghai SIPG,Shanghai SIPG,1,0,0,True,True,WEAK_EVIDENCE,1.0.0
af_history,China Super League,Shenyang Urban,Liaoning Tieren,1,0,0,False,False,WEAK_EVIDENCE,1.0.0
af_history,China Super League,Shenzhen Ruby FC,Shenzhen Ruby FC,1,0,0,True,True,WEAK_EVIDENCE,1.0.0
af_history,China Super League,Tianjin Songjiang,Tianjin Songjiang,1,0,0,True,True,WEAK_EVIDENCE,1.0.0
af_history,China Super League,Wuhan Zall,Wuhan Zall,1,0,0,True,True,WEAK_EVIDENCE,1.0.0
af_history,Japan J-League,Shonan Bellmare,Shonan Bellmare,1,0,0,True,True,WEAK_EVIDENCE,1.0.0
af_history,Japan J-League,Tokushima Vortis,Tokushima Vortis,1,0,0,True,True,WEAK_EVIDENCE,1.0.0
af_history,K-League 1,Seongnam FC,Seongnam FC,1,0,0,True,True,WEAK_EVIDENCE,1.0.0
af_history,Mexico Liga MX,CF Pachuca,Pachuca,1,0,0,False,True,WEAK_EVIDENCE,1.0.0
af_history,Mexico Liga MX,Club Queretaro,Queretaro,1,0,0,False,False,WEAK_EVIDENCE,1.0.0
af_history,Mexico Liga MX,Cruz Azul,Cruz Azul,1,0,0,True,True,WEAK_EVIDENCE,1.0.0
af_history,Mexico Liga MX,U.N.A.M. - Pumas,UNAM Pumas,1,0,0,False,False,WEAK_EVIDENCE,1.0.0
af_history,Norway Eliteserien,Stabaek,Stabaek,1,0,0,True,True,WEAK_EVIDENCE,1.0.0
af_history,Romanian Superliga,Crişul Chişineu Criş,Crişul Chişineu Criş,1,0,0,True,True,WEAK_EVIDENCE,1.0.0
af_history,Romanian Superliga,Gloria Lunca Teuz Cermei,Gloria Lunca Teuz Cermei,1,0,0,True,True,WEAK_EVIDENCE,1.0.0
af_history,Romanian Superliga,Oţelul,Oţelul,1,0,0,True,True,WEAK_EVIDENCE,1.0.0
af_history,Romanian Superliga,SCM Gloria Buzău,SCM Gloria Buzău,1,0,0,True,True,WEAK_EVIDENCE,1.0.0
af_history,Romanian Superliga,Unirea Slobozia,Unirea Slobozia,1,0,0,True,True,WEAK_EVIDENCE,1.0.0
af_history,Saudi Pro League,Al Diriyah,Al Diriyah,1,0,0,True,True,WEAK_EVIDENCE,1.0.0
af_history,Saudi Pro League,Al Shabab,Al Shabab,1,0,0,True,True,WEAK_EVIDENCE,1.0.0
af_history,Saudi Pro League,Al-Ettifaq,Al-Ettifaq,1,0,0,True,True,WEAK_EVIDENCE,1.0.0
af_history,Saudi Pro League,Al-Fateh,Al-Fateh,1,0,0,True,True,WEAK_EVIDENCE,1.0.0
af_history,Saudi Pro League,Al-Ittihad FC,Al-Ittihad FC,1,0,0,True,True,WEAK_EVIDENCE,1.0.0
af_history,Saudi Pro League,NEOM,NEOM,1,0,0,True,True,WEAK_EVIDENCE,1.0.0
af_history,Sweden Allsvenskan,Helsingborg,Helsingborg,1,0,0,True,True,WEAK_EVIDENCE,1.0.0
af_history,Sweden Allsvenskan,IFK Goteborg,Goteborg,1,0,0,False,False,WEAK_EVIDENCE,1.0.0
af_history,Sweden Allsvenskan,Orebro SK,Orebro SK,1,0,0,True,True,WEAK_EVIDENCE,1.0.0
af_history,USA MLS,Atlanta United FC,Atlanta Utd,1,0,0,False,False,WEAK_EVIDENCE,1.0.0
af_history,USA MLS,CF Montreal,CF Montreal,1,0,0,True,True,WEAK_EVIDENCE,1.0.0
af_history,USA MLS,Charlotte,Charlotte,1,0,0,True,True,WEAK_EVIDENCE,1.0.0
af_history,USA MLS,Chicago Fire,Chicago Fire,1,0,0,True,True,WEAK_EVIDENCE,1.0.0
af_history,USA MLS,Columbus Crew,Columbus Crew,1,0,0,True,True,WEAK_EVIDENCE,1.0.0
af_history,USA MLS,DC United,DC United,1,0,0,True,True,WEAK_EVIDENCE,1.0.0
af_history,USA MLS,Los Angeles Galaxy,Los Angeles Galaxy,1,0,0,True,True,WEAK_EVIDENCE,1.0.0
af_history,USA MLS,New York Red Bulls,New York Red Bulls,1,0,0,True,True,WEAK_EVIDENCE,1.0.0
af_history,USA MLS,Orlando City SC,Orlando City SC,1,0,0,True,True,WEAK_EVIDENCE,1.0.0
af_history,USA MLS,Philadelphia Union,Philadelphia Union,1,0,0,True,True,WEAK_EVIDENCE,1.0.0
af_history,USA MLS,Real Salt Lake,Real Salt Lake,1,0,0,True,True,WEAK_EVIDENCE,1.0.0
af_history,USA MLS,Sporting Kansas City,Sporting Kansas City,1,0,0,True,True,WEAK_EVIDENCE,1.0.0
af_history,USA MLS,Vancouver Whitecaps,Vancouver Whitecaps,1,0,0,True,True,WEAK_EVIDENCE,1.0.0
