target,cond,n_discovery,rate_discovery,base_discovery,edge_discovery_pp,z_discovery,p_discovery,n_validation,rate_validation,base_validation,edge_validation_pp,bh_significant,status
over35,p_over25>=0.6 & p_over35>=0.55,192,0.6146,0.2792,33.54,10.359,0.0,70,,0.2917,,True,UNTESTED
over35,p_over25>=0.55 & p_over35>=0.55,197,0.6142,0.2792,33.5,10.481,0.0,70,,0.2917,,True,UNTESTED
over35,p_over25>=0.5 & p_over35>=0.55,199,0.608,0.2792,32.88,10.34,0.0,71,,0.2917,,True,UNTESTED
over35,p_btts>=0.5 & p_over35>=0.55,191,0.6073,0.2792,32.81,10.108,0.0,67,,0.2917,,True,UNTESTED
over35,p_over25>=0.65 & p_over35>=0.55,173,0.6069,0.2792,32.77,9.608,0.0,69,,0.2917,,True,UNTESTED
over35,p_over15>=0.45 & p_over35>=0.55,200,0.605,0.2792,32.58,10.27,0.0,71,,0.2917,,True,UNTESTED
over35,p_over15>=0.5 & p_over35>=0.55,200,0.605,0.2792,32.58,10.27,0.0,71,,0.2917,,True,UNTESTED
over35,p_over15>=0.55 & p_over35>=0.55,200,0.605,0.2792,32.58,10.27,0.0,71,,0.2917,,True,UNTESTED
over35,p_over25>=0.45 & p_over35>=0.55,200,0.605,0.2792,32.58,10.27,0.0,71,,0.2917,,True,UNTESTED
over35,p_over15>=0.65 & p_over35>=0.55,200,0.605,0.2792,32.58,10.27,0.0,71,,0.2917,,True,UNTESTED
over35,p_over15>=0.6 & p_over35>=0.55,200,0.605,0.2792,32.58,10.27,0.0,71,,0.2917,,True,UNTESTED
over35,p_btts>=0.55 & p_over35>=0.55,169,0.6036,0.2792,32.43,9.399,0.0,59,,0.2917,,True,UNTESTED
over35,p_btts>=0.45 & p_over35>=0.55,196,0.602,0.2792,32.28,10.074,0.0,69,,0.2917,,True,UNTESTED
over35,p_btts>=0.6 & p_over35>=0.5,230,0.5913,0.2792,31.21,10.55,0.0,92,0.5978,0.2917,30.61,True,REPLICATED
btts,p_over35>=0.45 & p_btts>=0.65,231,0.8312,0.5287,30.25,9.211,0.0,91,0.8242,0.5424,28.18,True,REPLICATED
over35,p_over25>=0.65 & p_over35>=0.5,293,0.5802,0.2792,30.1,11.484,0.0,138,0.6232,0.2917,33.15,True,REPLICATED
btts,p_over25>=0.65 & p_btts>=0.65,234,0.8291,0.5287,30.04,9.206,0.0,110,0.8182,0.5424,27.58,True,REPLICATED
over35,p_over25>=0.55 & p_over35>=0.5,361,0.5789,0.2792,29.97,12.694,0.0,155,0.6,0.2917,30.83,True,REPLICATED
over25,p_over35>=0.5 & p_btts>=0.6,230,0.8043,0.5047,29.97,9.09,0.0,92,0.8478,0.5163,33.15,True,REPLICATED
over25,p_btts>=0.6 & p_over35>=0.5,230,0.8043,0.5047,29.97,9.09,0.0,92,0.8478,0.5163,33.15,True,REPLICATED
over35,p_over25>=0.6 & p_over35>=0.5,344,0.5785,0.2792,29.93,12.373,0.0,153,0.6013,0.2917,30.96,True,REPLICATED
over25,p_over35>=0.5 & p_over25>=0.65,293,0.802,0.5047,29.74,10.181,0.0,138,0.8406,0.5163,32.42,True,REPLICATED
over35,p_over25>=0.5 & p_over35>=0.5,369,0.5745,0.2792,29.53,12.645,0.0,156,0.5962,0.2917,30.44,True,REPLICATED
over35,p_over15>=0.5 & p_over35>=0.5,370,0.573,0.2792,29.38,12.596,0.0,156,0.5962,0.2917,30.44,True,REPLICATED
over35,p_over15>=0.55 & p_over35>=0.5,370,0.573,0.2792,29.38,12.596,0.0,156,0.5962,0.2917,30.44,True,REPLICATED
over35,p_over15>=0.65 & p_over35>=0.5,370,0.573,0.2792,29.38,12.596,0.0,156,0.5962,0.2917,30.44,True,REPLICATED
over35,p_over15>=0.45 & p_over35>=0.5,370,0.573,0.2792,29.38,12.596,0.0,156,0.5962,0.2917,30.44,True,REPLICATED
over35,p_over25>=0.45 & p_over35>=0.5,370,0.573,0.2792,29.38,12.596,0.0,156,0.5962,0.2917,30.44,True,REPLICATED
over35,p_over15>=0.6 & p_over35>=0.5,370,0.573,0.2792,29.38,12.596,0.0,156,0.5962,0.2917,30.44,True,REPLICATED
over35,p_btts>=0.55 & p_over35>=0.5,306,0.5719,0.2792,29.27,11.412,0.0,134,0.597,0.2917,30.53,True,REPLICATED
over25,p_over35>=0.5 & p_over25>=0.6,344,0.7965,0.5047,29.18,10.826,0.0,153,0.8301,0.5163,31.37,True,REPLICATED
over35,p_btts>=0.5 & p_over35>=0.5,355,0.569,0.2792,28.98,12.171,0.0,149,0.5973,0.2917,30.56,True,REPLICATED
over35,p_btts>=0.45 & p_over35>=0.5,364,0.5687,0.2792,28.95,12.31,0.0,153,0.5948,0.2917,30.31,True,REPLICATED
over25,p_btts>=0.55 & p_over35>=0.55,169,0.7929,0.5047,28.82,7.494,6.661338147750939e-14,59,,0.5163,,True,UNTESTED
over25,p_over35>=0.55 & p_btts>=0.55,169,0.7929,0.5047,28.82,7.494,6.661338147750939e-14,59,,0.5163,,True,UNTESTED
over25,p_over35>=0.5 & p_over25>=0.55,361,0.7922,0.5047,28.76,10.928,0.0,155,0.8323,0.5163,31.59,True,REPLICATED
over25,p_over35>=0.55 & p_over25>=0.55,197,0.7919,0.5047,28.72,8.063,8.881784197001252e-16,70,,0.5163,,True,UNTESTED
over25,p_over35>=0.55 & p_over25>=0.6,192,0.7917,0.5047,28.7,7.954,1.7763568394002505e-15,70,,0.5163,,True,UNTESTED
over25,p_btts>=0.5 & p_over35>=0.55,191,0.7906,0.5047,28.59,7.903,2.6645352591003757e-15,67,,0.5163,,True,UNTESTED
over25,p_over35>=0.55 & p_btts>=0.5,191,0.7906,0.5047,28.59,7.903,2.6645352591003757e-15,67,,0.5163,,True,UNTESTED
over25,p_over35>=0.55 & p_over25>=0.5,199,0.7889,0.5047,28.43,8.021,8.881784197001252e-16,71,,0.5163,,True,UNTESTED
over25,p_over35>=0.55 & p_over25>=0.65,173,0.7861,0.5047,28.15,7.404,1.318944953254686e-13,69,,0.5163,,True,UNTESTED
over25,p_over35>=0.5 & p_over25>=0.5,369,0.7859,0.5047,28.12,10.805,0.0,156,0.8269,0.5163,31.06,True,REPLICATED
over25,p_over35>=0.55 & p_over15>=0.55,200,0.785,0.5047,28.03,7.929,2.220446049250313e-15,71,,0.5163,,True,UNTESTED
over25,p_over35>=0.55 & p_over15>=0.5,200,0.785,0.5047,28.03,7.929,2.220446049250313e-15,71,,0.5163,,True,UNTESTED
over25,p_over35>=0.55 & p_over25>=0.45,200,0.785,0.5047,28.03,7.929,2.220446049250313e-15,71,,0.5163,,True,UNTESTED
over25,p_over35>=0.55 & p_over15>=0.6,200,0.785,0.5047,28.03,7.929,2.220446049250313e-15,71,,0.5163,,True,UNTESTED
over25,p_over35>=0.55 & p_over15>=0.45,200,0.785,0.5047,28.03,7.929,2.220446049250313e-15,71,,0.5163,,True,UNTESTED
over25,p_over35>=0.55 & p_over15>=0.65,200,0.785,0.5047,28.03,7.929,2.220446049250313e-15,71,,0.5163,,True,UNTESTED
over25,p_over15>=0.45 & p_over35>=0.55,200,0.785,0.5047,28.03,7.929,2.220446049250313e-15,71,,0.5163,,True,UNTESTED
over25,p_over15>=0.55 & p_over35>=0.55,200,0.785,0.5047,28.03,7.929,2.220446049250313e-15,71,,0.5163,,True,UNTESTED
over25,p_over15>=0.65 & p_over35>=0.55,200,0.785,0.5047,28.03,7.929,2.220446049250313e-15,71,,0.5163,,True,UNTESTED
over25,p_over15>=0.5 & p_over35>=0.55,200,0.785,0.5047,28.03,7.929,2.220446049250313e-15,71,,0.5163,,True,UNTESTED
over25,p_over15>=0.6 & p_over35>=0.55,200,0.785,0.5047,28.03,7.929,2.220446049250313e-15,71,,0.5163,,True,UNTESTED
over25,p_over35>=0.5 & p_over15>=0.65,370,0.7838,0.5047,27.91,10.738,0.0,156,0.8269,0.5163,31.06,True,REPLICATED
over25,p_over35>=0.5 & p_over15>=0.6,370,0.7838,0.5047,27.91,10.738,0.0,156,0.8269,0.5163,31.06,True,REPLICATED
over25,p_over15>=0.65 & p_over35>=0.5,370,0.7838,0.5047,27.91,10.738,0.0,156,0.8269,0.5163,31.06,True,REPLICATED
over25,p_over35>=0.5 & p_over15>=0.55,370,0.7838,0.5047,27.91,10.738,0.0,156,0.8269,0.5163,31.06,True,REPLICATED
over25,p_over35>=0.5 & p_over25>=0.45,370,0.7838,0.5047,27.91,10.738,0.0,156,0.8269,0.5163,31.06,True,REPLICATED
over25,p_over35>=0.5 & p_over15>=0.5,370,0.7838,0.5047,27.91,10.738,0.0,156,0.8269,0.5163,31.06,True,REPLICATED
over25,p_over35>=0.5 & p_over15>=0.45,370,0.7838,0.5047,27.91,10.738,0.0,156,0.8269,0.5163,31.06,True,REPLICATED
over25,p_over15>=0.6 & p_over35>=0.5,370,0.7838,0.5047,27.91,10.738,0.0,156,0.8269,0.5163,31.06,True,REPLICATED
over25,p_over15>=0.5 & p_over35>=0.5,370,0.7838,0.5047,27.91,10.738,0.0,156,0.8269,0.5163,31.06,True,REPLICATED
over25,p_over15>=0.55 & p_over35>=0.5,370,0.7838,0.5047,27.91,10.738,0.0,156,0.8269,0.5163,31.06,True,REPLICATED
over25,p_over15>=0.45 & p_over35>=0.5,370,0.7838,0.5047,27.91,10.738,0.0,156,0.8269,0.5163,31.06,True,REPLICATED
over25,p_btts>=0.5 & p_over35>=0.5,355,0.7831,0.5047,27.84,10.492,0.0,149,0.8188,0.5163,30.25,True,REPLICATED
over25,p_over35>=0.5 & p_btts>=0.5,355,0.7831,0.5047,27.84,10.492,0.0,149,0.8188,0.5163,30.25,True,REPLICATED
btts,p_over25>=0.55 & p_btts>=0.65,461,0.8069,0.5287,27.83,11.97,0.0,217,0.7834,0.5424,24.1,True,REPLICATED
over25,p_btts>=0.65 & p_over25>=0.65,234,0.7821,0.5047,27.74,8.486,0.0,110,0.7909,0.5163,27.46,True,REPLICATED
over25,p_over35>=0.55 & p_btts>=0.45,196,0.7806,0.5047,27.59,7.727,1.1102230246251565e-14,69,,0.5163,,True,UNTESTED
over25,p_btts>=0.45 & p_over35>=0.55,196,0.7806,0.5047,27.59,7.727,1.1102230246251565e-14,69,,0.5163,,True,UNTESTED
over25,p_btts>=0.45 & p_over35>=0.5,364,0.7802,0.5047,27.55,10.515,0.0,153,0.8235,0.5163,30.72,True,REPLICATED
over25,p_over35>=0.5 & p_btts>=0.45,364,0.7802,0.5047,27.55,10.515,0.0,153,0.8235,0.5163,30.72,True,REPLICATED
over25,p_over35>=0.45 & p_btts>=0.65,231,0.7792,0.5047,27.45,8.346,0.0,91,0.8132,0.5163,29.68,True,REPLICATED
over25,p_btts>=0.65 & p_over35>=0.45,231,0.7792,0.5047,27.45,8.346,0.0,91,0.8132,0.5163,29.68,True,REPLICATED
btts,p_over15>=0.5 & p_btts>=0.65,541,0.8022,0.5287,27.36,12.747,0.0,251,0.753,0.5424,21.06,True,REPLICATED
btts,p_over15>=0.6 & p_btts>=0.65,541,0.8022,0.5287,27.36,12.747,0.0,251,0.753,0.5424,21.06,True,REPLICATED
btts,p_over15>=0.55 & p_btts>=0.65,541,0.8022,0.5287,27.36,12.747,0.0,251,0.753,0.5424,21.06,True,REPLICATED
btts,p_over15>=0.45 & p_btts>=0.65,541,0.8022,0.5287,27.36,12.747,0.0,251,0.753,0.5424,21.06,True,REPLICATED
btts,p_over15>=0.65 & p_btts>=0.65,539,0.8015,0.5287,27.28,12.689,0.0,251,0.753,0.5424,21.06,True,REPLICATED
btts,p_over25>=0.45 & p_btts>=0.65,527,0.8008,0.5287,27.21,12.513,0.0,243,0.7613,0.5424,21.89,True,REPLICATED
btts,p_over25>=0.5 & p_btts>=0.65,514,0.7996,0.5287,27.1,12.306,0.0,235,0.7702,0.5424,22.78,True,REPLICATED
btts,p_over25>=0.6 & p_btts>=0.65,363,0.7989,0.5287,27.02,10.314,0.0,166,0.8133,0.5424,27.08,True,REPLICATED
over25,p_over35>=0.5 & p_btts>=0.55,306,0.7745,0.5047,26.98,9.441,0.0,134,0.806,0.5163,28.96,True,REPLICATED
over25,p_btts>=0.55 & p_over35>=0.5,306,0.7745,0.5047,26.98,9.441,0.0,134,0.806,0.5163,28.96,True,REPLICATED
over35,p_btts>=0.65 & p_over35>=0.45,231,0.5455,0.2792,26.62,9.02,0.0,91,0.5495,0.2917,25.77,True,REPLICATED
over35,p_over25>=0.65 & p_over35>=0.45,469,0.5352,0.2792,25.6,12.356,0.0,254,0.5315,0.2917,23.98,True,REPLICATED
over25,p_over35>=0.45 & p_over25>=0.65,469,0.7569,0.5047,25.23,10.926,0.0,254,0.748,0.5163,23.17,True,REPLICATED
over35,p_btts>=0.6 & p_over35>=0.45,426,0.5258,0.2792,24.66,11.346,0.0,209,0.5359,0.2917,24.42,True,REPLICATED
btts,p_over35>=0.5 & p_btts>=0.6,230,0.7739,0.5287,24.53,7.451,9.237055564881302e-14,92,0.8152,0.5424,27.28,True,REPLICATED
over35,p_over25>=0.65 & p_btts>=0.65,234,0.5214,0.2792,24.22,8.257,0.0,110,0.4727,0.2917,18.1,True,REPLICATED
over35,p_btts>=0.65 & p_over25>=0.65,234,0.5214,0.2792,24.22,8.257,0.0,110,0.4727,0.2917,18.1,True,REPLICATED
over25,p_btts>=0.65 & p_over25>=0.6,363,0.7438,0.5047,23.91,9.112,0.0,166,0.7711,0.5163,25.47,True,REPLICATED
over35,p_over25>=0.6 & p_over35>=0.45,623,0.5152,0.2792,23.6,13.132,0.0,339,0.5162,0.2917,22.45,True,REPLICATED
over25,p_btts>=0.65 & p_over25>=0.55,461,0.7397,0.5047,23.5,10.093,0.0,217,0.7281,0.5163,21.18,True,REPLICATED
over25,p_btts>=0.6 & p_over35>=0.45,426,0.7324,0.5047,22.77,9.401,0.0,209,0.7464,0.5163,23.01,True,REPLICATED
over25,p_over35>=0.45 & p_btts>=0.6,426,0.7324,0.5047,22.77,9.401,0.0,209,0.7464,0.5163,23.01,True,REPLICATED
over25,p_over35>=0.45 & p_over25>=0.6,623,0.7287,0.5047,22.41,11.185,0.0,339,0.7316,0.5163,21.52,True,REPLICATED
over35,p_over25>=0.55 & p_over35>=0.45,705,0.5007,0.2792,22.15,13.109,0.0,376,0.5133,0.2917,22.16,True,REPLICATED
over25,p_btts>=0.65 & p_over25>=0.5,514,0.7257,0.5047,22.1,10.022,0.0,235,0.7191,0.5163,20.28,True,REPLICATED
over35,p_btts>=0.55 & p_over35>=0.45,606,0.5,0.2792,22.08,12.115,0.0,331,0.5076,0.2917,21.58,True,REPLICATED
over35,p_over25>=0.5 & p_over35>=0.45,733,0.4966,0.2792,21.74,13.119,0.0,379,0.5145,0.2917,22.28,True,REPLICATED
over25,p_btts>=0.65 & p_over25>=0.45,527,0.7211,0.5047,21.64,9.935,0.0,243,0.6996,0.5163,18.32,True,REPLICATED
over35,p_over15>=0.45 & p_over35>=0.45,738,0.4946,0.2792,21.54,13.042,0.0,379,0.5145,0.2917,22.28,True,REPLICATED
over35,p_over15>=0.6 & p_over35>=0.45,738,0.4946,0.2792,21.54,13.042,0.0,379,0.5145,0.2917,22.28,True,REPLICATED
over35,p_over15>=0.55 & p_over35>=0.45,738,0.4946,0.2792,21.54,13.042,0.0,379,0.5145,0.2917,22.28,True,REPLICATED
over35,p_over15>=0.65 & p_over35>=0.45,738,0.4946,0.2792,21.54,13.042,0.0,379,0.5145,0.2917,22.28,True,REPLICATED
over35,p_over25>=0.45 & p_over35>=0.45,738,0.4946,0.2792,21.54,13.042,0.0,379,0.5145,0.2917,22.28,True,REPLICATED
over35,p_over15>=0.5 & p_over35>=0.45,738,0.4946,0.2792,21.54,13.042,0.0,379,0.5145,0.2917,22.28,True,REPLICATED
over35,p_btts>=0.5 & p_over35>=0.45,705,0.4936,0.2792,21.44,12.69,0.0,367,0.515,0.2917,22.33,True,REPLICATED
over35,p_btts>=0.45 & p_over35>=0.45,728,0.4904,0.2792,21.12,12.701,0.0,374,0.5134,0.2917,22.17,True,REPLICATED
over25,p_btts>=0.65 & p_over15>=0.65,539,0.7143,0.5047,20.96,9.733,0.0,251,0.6972,0.5163,18.09,True,REPLICATED
over25,p_over15>=0.65 & p_btts>=0.65,539,0.7143,0.5047,20.96,9.733,0.0,251,0.6972,0.5163,18.09,True,REPLICATED
over35,p_over25>=0.55 & p_btts>=0.65,461,0.4881,0.2792,20.89,9.996,0.0,217,0.4562,0.2917,16.45,True,REPLICATED
over35,p_btts>=0.65 & p_over25>=0.55,461,0.4881,0.2792,20.89,9.996,0.0,217,0.4562,0.2917,16.45,True,REPLICATED
over25,p_btts>=0.65 & p_over15>=0.55,541,0.7135,0.5047,20.88,9.714,0.0,251,0.6972,0.5163,18.09,True,REPLICATED
over25,p_btts>=0.65 & p_over15>=0.5,541,0.7135,0.5047,20.88,9.714,0.0,251,0.6972,0.5163,18.09,True,REPLICATED
over25,p_over35>=0.45 & p_over25>=0.55,705,0.7135,0.5047,20.88,11.088,0.0,376,0.7287,0.5163,21.24,True,REPLICATED
over25,p_btts>=0.65 & p_over15>=0.45,541,0.7135,0.5047,20.88,9.714,0.0,251,0.6972,0.5163,18.09,True,REPLICATED
over25,p_over15>=0.45 & p_btts>=0.65,541,0.7135,0.5047,20.88,9.714,0.0,251,0.6972,0.5163,18.09,True,REPLICATED
over25,p_over15>=0.55 & p_btts>=0.65,541,0.7135,0.5047,20.88,9.714,0.0,251,0.6972,0.5163,18.09,True,REPLICATED
over25,p_btts>=0.65 & p_over15>=0.6,541,0.7135,0.5047,20.88,9.714,0.0,251,0.6972,0.5163,18.09,True,REPLICATED
over25,p_over15>=0.6 & p_btts>=0.65,541,0.7135,0.5047,20.88,9.714,0.0,251,0.6972,0.5163,18.09,True,REPLICATED
over25,p_over15>=0.5 & p_btts>=0.65,541,0.7135,0.5047,20.88,9.714,0.0,251,0.6972,0.5163,18.09,True,REPLICATED
over25,p_btts>=0.5 & p_over35>=0.45,705,0.7106,0.5047,20.6,10.938,0.0,367,0.7248,0.5163,20.85,True,REPLICATED
over25,p_over35>=0.45 & p_btts>=0.5,705,0.7106,0.5047,20.6,10.938,0.0,367,0.7248,0.5163,20.85,True,REPLICATED
over25,p_btts>=0.55 & p_over35>=0.45,606,0.7096,0.5047,20.49,10.088,0.0,331,0.716,0.5163,19.97,True,REPLICATED
over25,p_over35>=0.45 & p_btts>=0.55,606,0.7096,0.5047,20.49,10.088,0.0,331,0.716,0.5163,19.97,True,REPLICATED
over25,p_over35>=0.45 & p_over25>=0.5,733,0.708,0.5047,20.34,11.013,0.0,379,0.7282,0.5163,21.19,True,REPLICATED
over35,p_over25>=0.6 & p_btts>=0.65,363,0.4821,0.2792,20.29,8.616,0.0,166,0.4578,0.2917,16.61,True,REPLICATED
over35,p_btts>=0.65 & p_over25>=0.6,363,0.4821,0.2792,20.29,8.616,0.0,166,0.4578,0.2917,16.61,True,REPLICATED
over25,p_over15>=0.5 & p_over35>=0.45,738,0.7073,0.5047,20.26,11.01,0.0,379,0.7282,0.5163,21.19,True,REPLICATED
over25,p_over35>=0.45 & p_over15>=0.6,738,0.7073,0.5047,20.26,11.01,0.0,379,0.7282,0.5163,21.19,True,REPLICATED
over25,p_over35>=0.45 & p_over15>=0.45,738,0.7073,0.5047,20.26,11.01,0.0,379,0.7282,0.5163,21.19,True,REPLICATED
over25,p_over35>=0.45 & p_over15>=0.65,738,0.7073,0.5047,20.26,11.01,0.0,379,0.7282,0.5163,21.19,True,REPLICATED
over25,p_over15>=0.65 & p_over35>=0.45,738,0.7073,0.5047,20.26,11.01,0.0,379,0.7282,0.5163,21.19,True,REPLICATED
over25,p_over35>=0.45 & p_over15>=0.5,738,0.7073,0.5047,20.26,11.01,0.0,379,0.7282,0.5163,21.19,True,REPLICATED
over25,p_over35>=0.45 & p_over25>=0.45,738,0.7073,0.5047,20.26,11.01,0.0,379,0.7282,0.5163,21.19,True,REPLICATED
over25,p_over35>=0.45 & p_over15>=0.55,738,0.7073,0.5047,20.26,11.01,0.0,379,0.7282,0.5163,21.19,True,REPLICATED
over25,p_over15>=0.55 & p_over35>=0.45,738,0.7073,0.5047,20.26,11.01,0.0,379,0.7282,0.5163,21.19,True,REPLICATED
over25,p_over15>=0.6 & p_over35>=0.45,738,0.7073,0.5047,20.26,11.01,0.0,379,0.7282,0.5163,21.19,True,REPLICATED
over25,p_over15>=0.45 & p_over35>=0.45,738,0.7073,0.5047,20.26,11.01,0.0,379,0.7282,0.5163,21.19,True,REPLICATED
over25,p_over35>=0.45 & p_btts>=0.45,728,0.7047,0.5047,20.0,10.793,0.0,374,0.7273,0.5163,21.09,True,REPLICATED
over25,p_btts>=0.45 & p_over35>=0.45,728,0.7047,0.5047,20.0,10.793,0.0,374,0.7273,0.5163,21.09,True,REPLICATED
btts,p_over35>=0.55 & p_btts>=0.55,169,0.7278,0.5287,19.92,5.186,2.1433505370538342e-07,59,,0.5424,,True,UNTESTED
btts,p_over35>=0.45 & p_btts>=0.6,426,0.7277,0.5287,19.9,8.23,2.220446049250313e-16,209,0.7799,0.5424,23.75,True,REPLICATED
btts,p_over25>=0.65 & p_btts>=0.6,516,0.7267,0.5287,19.81,9.014,0.0,252,0.75,0.5424,20.76,True,REPLICATED
over15,p_over35>=0.55 & p_over25>=0.65,173,0.9364,0.7399,19.65,5.893,3.7986831458169945e-09,69,,0.7512,,True,UNTESTED
over15,p_over25>=0.65 & p_over35>=0.55,173,0.9364,0.7399,19.65,5.893,3.7986831458169945e-09,69,,0.7512,,True,UNTESTED
over15,p_over35>=0.55 & p_over15>=0.5,200,0.935,0.7399,19.51,6.29,3.1695579494339654e-10,71,,0.7512,,True,UNTESTED
over15,p_over35>=0.55 & p_over25>=0.45,200,0.935,0.7399,19.51,6.29,3.1695579494339654e-10,71,,0.7512,,True,UNTESTED
over15,p_over25>=0.45 & p_over35>=0.55,200,0.935,0.7399,19.51,6.29,3.1695579494339654e-10,71,,0.7512,,True,UNTESTED
over15,p_over35>=0.55 & p_over15>=0.6,200,0.935,0.7399,19.51,6.29,3.1695579494339654e-10,71,,0.7512,,True,UNTESTED
over15,p_over35>=0.55 & p_over15>=0.55,200,0.935,0.7399,19.51,6.29,3.1695579494339654e-10,71,,0.7512,,True,UNTESTED
over15,p_over35>=0.55 & p_over15>=0.65,200,0.935,0.7399,19.51,6.29,3.1695579494339654e-10,71,,0.7512,,True,UNTESTED
over15,p_over35>=0.55 & p_over15>=0.45,200,0.935,0.7399,19.51,6.29,3.1695579494339654e-10,71,,0.7512,,True,UNTESTED
over25,p_btts>=0.6 & p_over25>=0.65,516,0.6996,0.5047,19.49,8.857,0.0,252,0.7302,0.5163,21.38,True,REPLICATED
over15,p_over35>=0.55 & p_over25>=0.5,199,0.9347,0.7399,19.48,6.264,3.7522207563256416e-10,71,,0.7512,,True,UNTESTED
over15,p_over25>=0.5 & p_over35>=0.55,199,0.9347,0.7399,19.48,6.264,3.7522207563256416e-10,71,,0.7512,,True,UNTESTED
over15,p_over25>=0.55 & p_over35>=0.55,197,0.934,0.7399,19.41,6.211,5.25727905653639e-10,70,,0.7512,,True,UNTESTED
over15,p_over35>=0.55 & p_over25>=0.55,197,0.934,0.7399,19.41,6.211,5.25727905653639e-10,70,,0.7512,,True,UNTESTED
over15,p_btts>=0.45 & p_over35>=0.55,196,0.9337,0.7399,19.38,6.185,6.222178328130212e-10,69,,0.7512,,True,UNTESTED
over15,p_over35>=0.55 & p_btts>=0.45,196,0.9337,0.7399,19.38,6.185,6.222178328130212e-10,69,,0.7512,,True,UNTESTED
over35,p_btts>=0.65 & p_over25>=0.5,514,0.4728,0.2792,19.35,9.781,0.0,235,0.4468,0.2917,15.51,True,REPLICATED
over35,p_over25>=0.5 & p_btts>=0.65,514,0.4728,0.2792,19.35,9.781,0.0,235,0.4468,0.2917,15.51,True,REPLICATED
over15,p_over25>=0.6 & p_over35>=0.55,192,0.9323,0.7399,19.24,6.078,1.2198024812448693e-09,70,,0.7512,,True,UNTESTED
over15,p_over35>=0.55 & p_over25>=0.6,192,0.9323,0.7399,19.24,6.078,1.2198024812448693e-09,70,,0.7512,,True,UNTESTED
over15,p_btts>=0.5 & p_over35>=0.55,191,0.9319,0.7399,19.21,6.051,1.4430407979659776e-09,67,,0.7512,,True,UNTESTED
over15,p_over35>=0.55 & p_btts>=0.5,191,0.9319,0.7399,19.21,6.051,1.4430407979659776e-09,67,,0.7512,,True,UNTESTED
over15,p_over35>=0.55 & p_btts>=0.55,169,0.929,0.7399,18.91,5.604,2.091336659404419e-08,59,,0.7512,,True,UNTESTED
over15,p_btts>=0.55 & p_over35>=0.55,169,0.929,0.7399,18.91,5.604,2.091336659404419e-08,59,,0.7512,,True,UNTESTED
over35,p_btts>=0.6 & p_over25>=0.65,516,0.4671,0.2792,18.78,9.511,0.0,252,0.496,0.2917,20.43,True,REPLICATED
over35,p_over25>=0.65 & p_btts>=0.6,516,0.4671,0.2792,18.78,9.511,0.0,252,0.496,0.2917,20.43,True,REPLICATED
over35,p_over25>=0.45 & p_btts>=0.65,527,0.4668,0.2792,18.76,9.599,0.0,243,0.4321,0.2917,14.04,True,REPLICATED
over35,p_btts>=0.65 & p_over25>=0.45,527,0.4668,0.2792,18.76,9.599,0.0,243,0.4321,0.2917,14.04,True,REPLICATED
over15,p_btts>=0.65 & p_over25>=0.65,234,0.9274,0.7399,18.75,6.537,6.267475427534919e-11,110,0.9545,0.7512,20.34,True,REPLICATED
over15,p_over25>=0.65 & p_btts>=0.65,234,0.9274,0.7399,18.75,6.537,6.267475427534919e-11,110,0.9545,0.7512,20.34,True,REPLICATED
btts,p_over35>=0.5 & p_btts>=0.55,306,0.7157,0.5287,18.7,6.554,5.6001869808142146e-11,134,0.7687,0.5424,22.62,True,REPLICATED
over15,p_over35>=0.5 & p_over25>=0.65,293,0.9215,0.7399,18.16,7.087,1.3717915692268434e-12,138,0.9203,0.7512,16.91,True,REPLICATED
over15,p_over25>=0.65 & p_over35>=0.5,293,0.9215,0.7399,18.16,7.087,1.3717915692268434e-12,138,0.9203,0.7512,16.91,True,REPLICATED
over25,p_btts>=0.55 & p_over25>=0.65,780,0.6859,0.5047,18.12,10.123,0.0,403,0.7196,0.5163,20.33,True,REPLICATED
over15,p_btts>=0.65 & p_over25>=0.55,461,0.9197,0.7399,17.99,8.803,0.0,217,0.9171,0.7512,16.59,True,REPLICATED
over15,p_over25>=0.55 & p_btts>=0.65,461,0.9197,0.7399,17.99,8.803,0.0,217,0.9171,0.7512,16.59,True,REPLICATED
over15,p_over25>=0.55 & p_over35>=0.5,361,0.9197,0.7399,17.98,7.787,6.8833827526759706e-15,155,0.9226,0.7512,17.14,True,REPLICATED
over15,p_over35>=0.5 & p_over25>=0.55,361,0.9197,0.7399,17.98,7.787,6.8833827526759706e-15,155,0.9226,0.7512,17.14,True,REPLICATED
over15,p_btts>=0.65 & p_over15>=0.5,541,0.9187,0.7399,17.88,9.48,0.0,251,0.8884,0.7512,13.73,True,REPLICATED
over15,p_btts>=0.65 & p_over15>=0.45,541,0.9187,0.7399,17.88,9.48,0.0,251,0.8884,0.7512,13.73,True,REPLICATED
over15,p_btts>=0.65 & p_over15>=0.55,541,0.9187,0.7399,17.88,9.48,0.0,251,0.8884,0.7512,13.73,True,REPLICATED
over15,p_btts>=0.65 & p_over15>=0.6,541,0.9187,0.7399,17.88,9.48,0.0,251,0.8884,0.7512,13.73,True,REPLICATED
over15,p_btts>=0.65 & p_over15>=0.65,539,0.9184,0.7399,17.85,9.446,0.0,251,0.8884,0.7512,13.73,True,REPLICATED
over15,p_over25>=0.45 & p_btts>=0.65,527,0.9184,0.7399,17.85,9.342,0.0,243,0.893,0.7512,14.18,True,REPLICATED
over15,p_btts>=0.65 & p_over25>=0.45,527,0.9184,0.7399,17.85,9.342,0.0,243,0.893,0.7512,14.18,True,REPLICATED
over15,p_over25>=0.5 & p_btts>=0.65,514,0.9183,0.7399,17.84,9.22,0.0,235,0.9021,0.7512,15.09,True,REPLICATED
over15,p_btts>=0.65 & p_over25>=0.5,514,0.9183,0.7399,17.84,9.22,0.0,235,0.9021,0.7512,15.09,True,REPLICATED
over35,p_over15>=0.55 & p_btts>=0.65,541,0.4566,0.2792,17.73,9.195,0.0,251,0.4303,0.2917,13.86,True,REPLICATED
over35,p_over15>=0.5 & p_btts>=0.65,541,0.4566,0.2792,17.73,9.195,0.0,251,0.4303,0.2917,13.86,True,REPLICATED
over35,p_over15>=0.45 & p_btts>=0.65,541,0.4566,0.2792,17.73,9.195,0.0,251,0.4303,0.2917,13.86,True,REPLICATED
over35,p_over15>=0.6 & p_btts>=0.65,541,0.4566,0.2792,17.73,9.195,0.0,251,0.4303,0.2917,13.86,True,REPLICATED
over35,p_btts>=0.65 & p_over15>=0.5,541,0.4566,0.2792,17.73,9.195,0.0,251,0.4303,0.2917,13.86,True,REPLICATED
over35,p_btts>=0.65 & p_over15>=0.55,541,0.4566,0.2792,17.73,9.195,0.0,251,0.4303,0.2917,13.86,True,REPLICATED
over35,p_btts>=0.65 & p_over15>=0.6,541,0.4566,0.2792,17.73,9.195,0.0,251,0.4303,0.2917,13.86,True,REPLICATED
over35,p_btts>=0.65 & p_over15>=0.45,541,0.4566,0.2792,17.73,9.195,0.0,251,0.4303,0.2917,13.86,True,REPLICATED
over35,p_over15>=0.65 & p_btts>=0.65,539,0.4564,0.2792,17.72,9.17,0.0,251,0.4303,0.2917,13.86,True,REPLICATED
over35,p_btts>=0.65 & p_over15>=0.65,539,0.4564,0.2792,17.72,9.17,0.0,251,0.4303,0.2917,13.86,True,REPLICATED
over15,p_over35>=0.5 & p_over15>=0.5,370,0.9162,0.7399,17.63,7.732,1.0658141036401503e-14,156,0.9231,0.7512,17.19,True,REPLICATED
over15,p_over35>=0.5 & p_over25>=0.45,370,0.9162,0.7399,17.63,7.732,1.0658141036401503e-14,156,0.9231,0.7512,17.19,True,REPLICATED
over15,p_over35>=0.5 & p_over15>=0.65,370,0.9162,0.7399,17.63,7.732,1.0658141036401503e-14,156,0.9231,0.7512,17.19,True,REPLICATED
over15,p_over35>=0.5 & p_over15>=0.55,370,0.9162,0.7399,17.63,7.732,1.0658141036401503e-14,156,0.9231,0.7512,17.19,True,REPLICATED
over15,p_over35>=0.5 & p_over15>=0.45,370,0.9162,0.7399,17.63,7.732,1.0658141036401503e-14,156,0.9231,0.7512,17.19,True,REPLICATED
over15,p_over25>=0.45 & p_over35>=0.5,370,0.9162,0.7399,17.63,7.732,1.0658141036401503e-14,156,0.9231,0.7512,17.19,True,REPLICATED
over15,p_over35>=0.5 & p_over15>=0.6,370,0.9162,0.7399,17.63,7.732,1.0658141036401503e-14,156,0.9231,0.7512,17.19,True,REPLICATED
over15,p_over25>=0.5 & p_over35>=0.5,369,0.916,0.7399,17.61,7.712,1.2434497875801753e-14,156,0.9231,0.7512,17.19,True,REPLICATED
over15,p_over35>=0.5 & p_over25>=0.5,369,0.916,0.7399,17.61,7.712,1.2434497875801753e-14,156,0.9231,0.7512,17.19,True,REPLICATED
over15,p_over35>=0.5 & p_over25>=0.6,344,0.9157,0.7399,17.58,7.434,1.056932319443149e-13,153,0.9216,0.7512,17.04,True,REPLICATED
over15,p_over25>=0.6 & p_over35>=0.5,344,0.9157,0.7399,17.58,7.434,1.056932319443149e-13,153,0.9216,0.7512,17.04,True,REPLICATED
over15,p_over35>=0.5 & p_btts>=0.45,364,0.9148,0.7399,17.5,7.609,2.7533531010703882e-14,153,0.9216,0.7512,17.04,True,REPLICATED
over15,p_btts>=0.45 & p_over35>=0.5,364,0.9148,0.7399,17.5,7.609,2.7533531010703882e-14,153,0.9216,0.7512,17.04,True,REPLICATED
over15,p_btts>=0.65 & p_over35>=0.45,231,0.9134,0.7399,17.36,6.013,1.8261463452518e-09,91,0.9451,0.7512,19.39,True,REPLICATED
over15,p_over35>=0.45 & p_btts>=0.65,231,0.9134,0.7399,17.36,6.013,1.8261463452518e-09,91,0.9451,0.7512,19.39,True,REPLICATED
over15,p_over35>=0.5 & p_btts>=0.6,230,0.913,0.7399,17.32,5.987,2.143782484864687e-09,92,0.9457,0.7512,19.45,True,REPLICATED
over15,p_btts>=0.6 & p_over35>=0.5,230,0.913,0.7399,17.32,5.987,2.143782484864687e-09,92,0.9457,0.7512,19.45,True,REPLICATED
btts,p_over35>=0.55 & p_btts>=0.5,191,0.7016,0.5287,17.29,4.787,1.691003030046545e-06,67,,0.5424,,True,UNTESTED
over15,p_btts>=0.5 & p_over35>=0.5,355,0.9127,0.7399,17.28,7.422,1.156852391659413e-13,149,0.9195,0.7512,16.83,True,REPLICATED
over15,p_over35>=0.5 & p_btts>=0.5,355,0.9127,0.7399,17.28,7.422,1.156852391659413e-13,149,0.9195,0.7512,16.83,True,REPLICATED
over35,p_over25>=0.65 & p_btts>=0.55,780,0.4513,0.2792,17.21,10.712,0.0,403,0.5062,0.2917,21.45,True,REPLICATED
over35,p_btts>=0.55 & p_over25>=0.65,780,0.4513,0.2792,17.21,10.712,0.0,403,0.5062,0.2917,21.45,True,REPLICATED
over25,p_btts>=0.5 & p_over25>=0.65,955,0.6754,0.5047,17.07,10.552,0.0,472,0.714,0.5163,19.76,True,REPLICATED
over25,p_btts>=0.45 & p_over25>=0.65,1028,0.6732,0.5047,16.85,10.804,0.0,488,0.7131,0.5163,19.68,True,REPLICATED
over15,p_over25>=0.65 & p_over35>=0.45,469,0.9083,0.7399,16.84,8.315,0.0,254,0.9094,0.7512,15.83,True,REPLICATED
over15,p_over35>=0.45 & p_over25>=0.65,469,0.9083,0.7399,16.84,8.315,0.0,254,0.9094,0.7512,15.83,True,REPLICATED
over25,p_over15>=0.65 & p_over25>=0.65,1048,0.6718,0.5047,16.71,10.818,0.0,502,0.7131,0.5163,19.68,True,REPLICATED
over25,p_over15>=0.45 & p_over25>=0.65,1048,0.6718,0.5047,16.71,10.818,0.0,503,0.7137,0.5163,19.74,True,REPLICATED
over25,p_over15>=0.5 & p_over25>=0.65,1048,0.6718,0.5047,16.71,10.818,0.0,503,0.7137,0.5163,19.74,True,REPLICATED
over25,p_over15>=0.55 & p_over25>=0.65,1048,0.6718,0.5047,16.71,10.818,0.0,503,0.7137,0.5163,19.74,True,REPLICATED
over25,p_over15>=0.6 & p_over25>=0.65,1048,0.6718,0.5047,16.71,10.818,0.0,503,0.7137,0.5163,19.74,True,REPLICATED
over15,p_over25>=0.6 & p_btts>=0.65,363,0.9063,0.7399,16.65,7.23,4.847233725513433e-13,166,0.9458,0.7512,19.46,True,REPLICATED
over15,p_btts>=0.65 & p_over25>=0.6,363,0.9063,0.7399,16.65,7.23,4.847233725513433e-13,166,0.9458,0.7512,19.46,True,REPLICATED
over15,p_over35>=0.5 & p_btts>=0.55,306,0.9052,0.7399,16.54,6.594,4.295253042130298e-11,134,0.9179,0.7512,16.67,True,REPLICATED
over15,p_btts>=0.55 & p_over35>=0.5,306,0.9052,0.7399,16.54,6.594,4.295253042130298e-11,134,0.9179,0.7512,16.67,True,REPLICATED
over35,p_over25>=0.65 & p_btts>=0.5,955,0.444,0.2792,16.48,11.35,0.0,472,0.5064,0.2917,21.46,True,REPLICATED
over35,p_btts>=0.5 & p_over25>=0.65,955,0.444,0.2792,16.48,11.35,0.0,472,0.5064,0.2917,21.46,True,REPLICATED
over25,p_btts>=0.6 & p_over25>=0.6,995,0.6693,0.5047,16.47,10.389,0.0,546,0.6905,0.5163,17.41,True,REPLICATED
btts,p_over35>=0.55 & p_over25>=0.6,192,0.6927,0.5287,16.4,4.554,5.270071455676373e-06,70,,0.5424,,True,UNTESTED
btts,p_over25>=0.6 & p_over35>=0.55,192,0.6927,0.5287,16.4,4.554,5.270071455676373e-06,70,,0.5424,,True,UNTESTED
btts,p_over35>=0.55 & p_over25>=0.55,197,0.6904,0.5287,16.17,4.546,5.454776533131422e-06,70,,0.5424,,True,UNTESTED
btts,p_over25>=0.55 & p_over35>=0.55,197,0.6904,0.5287,16.17,4.546,5.454776533131422e-06,70,,0.5424,,True,UNTESTED
btts,p_over25>=0.6 & p_btts>=0.6,995,0.6894,0.5287,16.08,10.16,0.0,546,0.7216,0.5424,17.92,True,REPLICATED
btts,p_over35>=0.55 & p_btts>=0.45,196,0.6888,0.5287,16.01,4.491,7.101316495505827e-06,69,,0.5424,,True,UNTESTED
over35,p_over25>=0.65 & p_over15>=0.5,1048,0.4389,0.2792,15.97,11.525,0.0,503,0.499,0.2917,20.73,True,REPLICATED
over35,p_over25>=0.65 & p_over15>=0.65,1048,0.4389,0.2792,15.97,11.525,0.0,502,0.498,0.2917,20.63,True,REPLICATED
over35,p_over25>=0.65 & p_over15>=0.45,1048,0.4389,0.2792,15.97,11.525,0.0,503,0.499,0.2917,20.73,True,REPLICATED
over35,p_over15>=0.55 & p_over25>=0.65,1048,0.4389,0.2792,15.97,11.525,0.0,503,0.499,0.2917,20.73,True,REPLICATED
over35,p_over15>=0.65 & p_over25>=0.65,1048,0.4389,0.2792,15.97,11.525,0.0,502,0.498,0.2917,20.63,True,REPLICATED
over35,p_over15>=0.6 & p_over25>=0.65,1048,0.4389,0.2792,15.97,11.525,0.0,503,0.499,0.2917,20.73,True,REPLICATED
over35,p_over15>=0.5 & p_over25>=0.65,1048,0.4389,0.2792,15.97,11.525,0.0,503,0.499,0.2917,20.73,True,REPLICATED
over35,p_over25>=0.65 & p_over15>=0.55,1048,0.4389,0.2792,15.97,11.525,0.0,503,0.499,0.2917,20.73,True,REPLICATED
over35,p_over25>=0.65 & p_over15>=0.6,1048,0.4389,0.2792,15.97,11.525,0.0,503,0.499,0.2917,20.73,True,REPLICATED
over35,p_over15>=0.45 & p_over25>=0.65,1048,0.4389,0.2792,15.97,11.525,0.0,503,0.499,0.2917,20.73,True,REPLICATED
over35,p_btts>=0.45 & p_over25>=0.65,1028,0.4387,0.2792,15.95,11.399,0.0,488,0.502,0.2917,21.03,True,REPLICATED
over35,p_over25>=0.65 & p_btts>=0.45,1028,0.4387,0.2792,15.95,11.399,0.0,488,0.502,0.2917,21.03,True,REPLICATED
over35,p_btts>=0.6 & p_over25>=0.6,995,0.4382,0.2792,15.9,11.178,0.0,546,0.4615,0.2917,16.98,True,REPLICATED
over35,p_over25>=0.6 & p_btts>=0.6,995,0.4382,0.2792,15.9,11.178,0.0,546,0.4615,0.2917,16.98,True,REPLICATED
btts,p_over35>=0.55 & p_over25>=0.5,199,0.6834,0.5287,15.48,4.373,1.2230567798976466e-05,71,,0.5424,,True,UNTESTED
btts,p_over25>=0.5 & p_over35>=0.55,199,0.6834,0.5287,15.48,4.373,1.2230567798976466e-05,71,,0.5424,,True,UNTESTED
btts,p_over35>=0.55 & p_over25>=0.65,173,0.6821,0.5287,15.34,4.043,5.287716907509399e-05,69,,0.5424,,True,UNTESTED
btts,p_over25>=0.65 & p_over35>=0.55,173,0.6821,0.5287,15.34,4.043,5.287716907509399e-05,69,,0.5424,,True,UNTESTED
btts,p_over25>=0.45 & p_over35>=0.55,200,0.68,0.5287,15.13,4.288,1.8061183791218127e-05,71,,0.5424,,True,UNTESTED
btts,p_over15>=0.5 & p_over35>=0.55,200,0.68,0.5287,15.13,4.288,1.8061183791218127e-05,71,,0.5424,,True,UNTESTED
btts,p_over15>=0.45 & p_over35>=0.55,200,0.68,0.5287,15.13,4.288,1.8061183791218127e-05,71,,0.5424,,True,UNTESTED
btts,p_over15>=0.55 & p_over35>=0.55,200,0.68,0.5287,15.13,4.288,1.8061183791218127e-05,71,,0.5424,,True,UNTESTED
btts,p_over35>=0.55 & p_over15>=0.65,200,0.68,0.5287,15.13,4.288,1.8061183791218127e-05,71,,0.5424,,True,UNTESTED
btts,p_over35>=0.55 & p_over25>=0.45,200,0.68,0.5287,15.13,4.288,1.8061183791218127e-05,71,,0.5424,,True,UNTESTED
btts,p_over15>=0.65 & p_over35>=0.55,200,0.68,0.5287,15.13,4.288,1.8061183791218127e-05,71,,0.5424,,True,UNTESTED
btts,p_over35>=0.55 & p_over15>=0.6,200,0.68,0.5287,15.13,4.288,1.8061183791218127e-05,71,,0.5424,,True,UNTESTED
btts,p_over15>=0.6 & p_over35>=0.55,200,0.68,0.5287,15.13,4.288,1.8061183791218127e-05,71,,0.5424,,True,UNTESTED
btts,p_over35>=0.55 & p_over15>=0.55,200,0.68,0.5287,15.13,4.288,1.8061183791218127e-05,71,,0.5424,,True,UNTESTED
btts,p_over35>=0.55 & p_over15>=0.5,200,0.68,0.5287,15.13,4.288,1.8061183791218127e-05,71,,0.5424,,True,UNTESTED
btts,p_over35>=0.55 & p_over15>=0.45,200,0.68,0.5287,15.13,4.288,1.8061183791218127e-05,71,,0.5424,,True,UNTESTED
btts,p_over35>=0.5 & p_btts>=0.5,355,0.6789,0.5287,15.02,5.67,1.4295933770114289e-08,149,0.7315,0.5424,18.91,True,REPLICATED
btts,p_over35>=0.5 & p_over25>=0.6,344,0.6773,0.5287,14.87,5.524,3.318044505817852e-08,153,0.7255,0.5424,18.31,True,REPLICATED
btts,p_over25>=0.6 & p_over35>=0.5,344,0.6773,0.5287,14.87,5.524,3.318044505817852e-08,153,0.7255,0.5424,18.31,True,REPLICATED
over25,p_btts>=0.6 & p_over25>=0.55,1552,0.6521,0.5047,14.74,11.613,0.0,920,0.6457,0.5163,12.93,True,REPLICATED
btts,p_over25>=0.55 & p_over35>=0.5,361,0.6759,0.5287,14.72,5.604,2.0902533259814504e-08,155,0.7226,0.5424,18.02,True,REPLICATED
btts,p_over35>=0.5 & p_over25>=0.55,361,0.6759,0.5287,14.72,5.604,2.0902533259814504e-08,155,0.7226,0.5424,18.02,True,REPLICATED
over15,p_over35>=0.45 & p_btts>=0.6,426,0.885,0.7399,14.51,6.827,8.678835428099774e-12,209,0.933,0.7512,18.18,True,REPLICATED
over15,p_btts>=0.6 & p_over35>=0.45,426,0.885,0.7399,14.51,6.827,8.678835428099774e-12,209,0.933,0.7512,18.18,True,REPLICATED
btts,p_over35>=0.45 & p_btts>=0.55,606,0.6733,0.5287,14.46,7.131,9.938716516444401e-13,331,0.7402,0.5424,19.78,True,REPLICATED
btts,p_over25>=0.55 & p_btts>=0.6,1552,0.6714,0.5287,14.27,11.265,0.0,920,0.6717,0.5424,12.93,True,REPLICATED
btts,p_over35>=0.5 & p_btts>=0.45,364,0.6703,0.5287,14.17,5.415,6.139558861306682e-08,153,0.7386,0.5424,19.61,True,REPLICATED
over15,p_over35>=0.45 & p_over25>=0.55,705,0.8809,0.7399,14.1,8.533,0.0,376,0.9043,0.7512,15.31,True,REPLICATED
over15,p_over25>=0.55 & p_over35>=0.45,705,0.8809,0.7399,14.1,8.533,0.0,376,0.9043,0.7512,15.31,True,REPLICATED
over15,p_over25>=0.65 & p_btts>=0.6,516,0.8798,0.7399,14.0,7.248,4.2366110619695974e-13,252,0.9087,0.7512,15.75,True,REPLICATED
over15,p_btts>=0.6 & p_over25>=0.65,516,0.8798,0.7399,14.0,7.248,4.2366110619695974e-13,252,0.9087,0.7512,15.75,True,REPLICATED
over15,p_over25>=0.6 & p_over35>=0.45,623,0.8796,0.7399,13.97,7.951,1.7763568394002505e-15,339,0.9145,0.7512,16.33,True,REPLICATED
over15,p_over35>=0.45 & p_over25>=0.6,623,0.8796,0.7399,13.97,7.951,1.7763568394002505e-15,339,0.9145,0.7512,16.33,True,REPLICATED
btts,p_over25>=0.65 & p_btts>=0.55,780,0.6679,0.5287,13.93,7.793,6.661338147750939e-15,403,0.7022,0.5424,15.98,True,REPLICATED
over15,p_over35>=0.45 & p_over25>=0.5,733,0.8786,0.7399,13.87,8.56,0.0,379,0.905,0.7512,15.38,True,REPLICATED
over15,p_over25>=0.5 & p_over35>=0.45,733,0.8786,0.7399,13.87,8.56,0.0,379,0.905,0.7512,15.38,True,REPLICATED
over35,p_btts>=0.6 & p_over25>=0.55,1552,0.4175,0.2792,13.83,12.146,0.0,920,0.4293,0.2917,13.76,True,REPLICATED
over35,p_over25>=0.55 & p_btts>=0.6,1552,0.4175,0.2792,13.83,12.146,0.0,920,0.4293,0.2917,13.76,True,REPLICATED
over15,p_over35>=0.45 & p_over25>=0.45,738,0.878,0.7399,13.82,8.557,0.0,379,0.905,0.7512,15.38,True,REPLICATED
over15,p_over35>=0.45 & p_over15>=0.55,738,0.878,0.7399,13.82,8.557,0.0,379,0.905,0.7512,15.38,True,REPLICATED
over15,p_over35>=0.45 & p_over15>=0.6,738,0.878,0.7399,13.82,8.557,0.0,379,0.905,0.7512,15.38,True,REPLICATED
over15,p_over25>=0.45 & p_over35>=0.45,738,0.878,0.7399,13.82,8.557,0.0,379,0.905,0.7512,15.38,True,REPLICATED
over15,p_over35>=0.45 & p_over15>=0.5,738,0.878,0.7399,13.82,8.557,0.0,379,0.905,0.7512,15.38,True,REPLICATED
over15,p_over35>=0.45 & p_over15>=0.65,738,0.878,0.7399,13.82,8.557,0.0,379,0.905,0.7512,15.38,True,REPLICATED
over15,p_over35>=0.45 & p_over15>=0.45,738,0.878,0.7399,13.82,8.557,0.0,379,0.905,0.7512,15.38,True,REPLICATED
over15,p_over35>=0.45 & p_btts>=0.45,728,0.8777,0.7399,13.79,8.48,0.0,374,0.9037,0.7512,15.25,True,REPLICATED
over15,p_btts>=0.45 & p_over35>=0.45,728,0.8777,0.7399,13.79,8.48,0.0,374,0.9037,0.7512,15.25,True,REPLICATED
over25,p_btts>=0.55 & p_over25>=0.6,1762,0.6419,0.5047,13.72,11.519,0.0,1044,0.6705,0.5163,15.42,True,REPLICATED
btts,p_over35>=0.5 & p_over25>=0.65,293,0.6655,0.5287,13.69,4.693,2.687398163558896e-06,138,0.7246,0.5424,18.22,True,REPLICATED
btts,p_over25>=0.65 & p_over35>=0.5,293,0.6655,0.5287,13.69,4.693,2.687398163558896e-06,138,0.7246,0.5424,18.22,True,REPLICATED
btts,p_over25>=0.5 & p_over35>=0.5,369,0.664,0.5287,13.53,5.207,1.9243245752420535e-07,156,0.7244,0.5424,18.19,True,REPLICATED
btts,p_over35>=0.5 & p_over25>=0.5,369,0.664,0.5287,13.53,5.207,1.9243245752420535e-07,156,0.7244,0.5424,18.19,True,REPLICATED
over15,p_btts>=0.55 & p_over35>=0.45,606,0.8746,0.7399,13.47,7.559,4.04121180963557e-14,331,0.9003,0.7512,14.91,True,REPLICATED
over15,p_over35>=0.45 & p_btts>=0.55,606,0.8746,0.7399,13.47,7.559,4.04121180963557e-14,331,0.9003,0.7512,14.91,True,REPLICATED
over15,p_over25>=0.65 & p_btts>=0.55,780,0.8744,0.7399,13.45,8.562,0.0,403,0.8859,0.7512,13.47,True,REPLICATED
over15,p_btts>=0.55 & p_over25>=0.65,780,0.8744,0.7399,13.45,8.562,0.0,403,0.8859,0.7512,13.47,True,REPLICATED
over15,p_btts>=0.5 & p_over35>=0.45,705,0.8738,0.7399,13.39,8.103,4.440892098500626e-16,367,0.9019,0.7512,15.07,True,REPLICATED
over15,p_over35>=0.45 & p_btts>=0.5,705,0.8738,0.7399,13.39,8.103,4.440892098500626e-16,367,0.9019,0.7512,15.07,True,REPLICATED
btts,p_over35>=0.5 & p_over25>=0.45,370,0.6622,0.5287,13.35,5.144,2.68370556888442e-07,156,0.7244,0.5424,18.19,True,REPLICATED
btts,p_over15>=0.6 & p_over35>=0.5,370,0.6622,0.5287,13.35,5.144,2.68370556888442e-07,156,0.7244,0.5424,18.19,True,REPLICATED
btts,p_over15>=0.55 & p_over35>=0.5,370,0.6622,0.5287,13.35,5.144,2.68370556888442e-07,156,0.7244,0.5424,18.19,True,REPLICATED
btts,p_over35>=0.5 & p_over15>=0.65,370,0.6622,0.5287,13.35,5.144,2.68370556888442e-07,156,0.7244,0.5424,18.19,True,REPLICATED
btts,p_over35>=0.5 & p_over15>=0.45,370,0.6622,0.5287,13.35,5.144,2.68370556888442e-07,156,0.7244,0.5424,18.19,True,REPLICATED
btts,p_over35>=0.5 & p_over15>=0.6,370,0.6622,0.5287,13.35,5.144,2.68370556888442e-07,156,0.7244,0.5424,18.19,True,REPLICATED
btts,p_over35>=0.5 & p_over15>=0.55,370,0.6622,0.5287,13.35,5.144,2.68370556888442e-07,156,0.7244,0.5424,18.19,True,REPLICATED
btts,p_over35>=0.5 & p_over15>=0.5,370,0.6622,0.5287,13.35,5.144,2.68370556888442e-07,156,0.7244,0.5424,18.19,True,REPLICATED
btts,p_over15>=0.5 & p_over35>=0.5,370,0.6622,0.5287,13.35,5.144,2.68370556888442e-07,156,0.7244,0.5424,18.19,True,REPLICATED
btts,p_over15>=0.65 & p_over35>=0.5,370,0.6622,0.5287,13.35,5.144,2.68370556888442e-07,156,0.7244,0.5424,18.19,True,REPLICATED
btts,p_over25>=0.45 & p_over35>=0.5,370,0.6622,0.5287,13.35,5.144,2.68370556888442e-07,156,0.7244,0.5424,18.19,True,REPLICATED
btts,p_over15>=0.45 & p_over35>=0.5,370,0.6622,0.5287,13.35,5.144,2.68370556888442e-07,156,0.7244,0.5424,18.19,True,REPLICATED
over25,p_over15>=0.55 & p_over25>=0.6,2380,0.6366,0.5047,13.19,12.868,0.0,1355,0.6583,0.5163,14.2,True,REPLICATED
over25,p_over15>=0.5 & p_over25>=0.6,2380,0.6366,0.5047,13.19,12.868,0.0,1355,0.6583,0.5163,14.2,True,REPLICATED
over25,p_over15>=0.45 & p_over25>=0.6,2380,0.6366,0.5047,13.19,12.868,0.0,1355,0.6583,0.5163,14.2,True,REPLICATED
over25,p_over15>=0.6 & p_over25>=0.6,2380,0.6366,0.5047,13.19,12.868,0.0,1355,0.6583,0.5163,14.2,True,REPLICATED
over25,p_over15>=0.65 & p_over25>=0.6,2380,0.6366,0.5047,13.19,12.868,0.0,1354,0.6581,0.5163,14.17,True,REPLICATED
over25,p_btts>=0.45 & p_over25>=0.6,2331,0.6362,0.5047,13.15,12.701,0.0,1325,0.6574,0.5163,14.1,True,REPLICATED
over25,p_btts>=0.5 & p_over25>=0.6,2193,0.6361,0.5047,13.14,12.311,0.0,1276,0.663,0.5163,14.67,True,REPLICATED
over25,p_btts>=0.6 & p_over25>=0.5,1944,0.6358,0.5047,13.11,11.563,0.0,1092,0.6328,0.5163,11.64,True,REPLICATED
over15,p_over25>=0.65 & p_btts>=0.45,1028,0.8687,0.7399,12.88,9.414,0.0,488,0.8873,0.7512,13.61,True,REPLICATED
over15,p_btts>=0.45 & p_over25>=0.65,1028,0.8687,0.7399,12.88,9.414,0.0,488,0.8873,0.7512,13.61,True,REPLICATED
over15,p_over25>=0.65 & p_over15>=0.45,1048,0.8683,0.7399,12.85,9.479,0.0,503,0.8867,0.7512,13.55,True,REPLICATED
over15,p_over25>=0.65 & p_over15>=0.55,1048,0.8683,0.7399,12.85,9.479,0.0,503,0.8867,0.7512,13.55,True,REPLICATED
over15,p_over25>=0.65 & p_over15>=0.6,1048,0.8683,0.7399,12.85,9.479,0.0,503,0.8867,0.7512,13.55,True,REPLICATED
over15,p_over25>=0.65 & p_over15>=0.5,1048,0.8683,0.7399,12.85,9.479,0.0,503,0.8867,0.7512,13.55,True,REPLICATED
over15,p_over25>=0.65 & p_over15>=0.65,1048,0.8683,0.7399,12.85,9.479,0.0,502,0.8865,0.7512,13.53,True,REPLICATED
btts,p_over25>=0.5 & p_btts>=0.6,1944,0.6569,0.5287,12.82,11.326,0.0,1092,0.6593,0.5424,11.69,True,REPLICATED
btts,p_over25>=0.65 & p_over35>=0.45,469,0.6546,0.5287,12.59,5.463,4.6780507023669315e-08,254,0.6969,0.5424,15.44,True,REPLICATED
btts,p_over35>=0.45 & p_over25>=0.65,469,0.6546,0.5287,12.59,5.463,4.6780507023669315e-08,254,0.6969,0.5424,15.44,True,REPLICATED
btts,p_over25>=0.45 & p_btts>=0.6,2062,0.6537,0.5287,12.51,11.378,0.0,1136,0.6532,0.5424,11.07,True,REPLICATED
over35,p_btts>=0.55 & p_over25>=0.6,1762,0.403,0.2792,12.37,11.578,0.0,1044,0.4425,0.2917,15.08,True,REPLICATED
over35,p_over25>=0.6 & p_btts>=0.55,1762,0.403,0.2792,12.37,11.578,0.0,1044,0.4425,0.2917,15.08,True,REPLICATED
btts,p_over15>=0.5 & p_btts>=0.6,2111,0.6523,0.5287,12.36,11.38,0.0,1165,0.6515,0.5424,10.91,True,REPLICATED
btts,p_over15>=0.45 & p_btts>=0.6,2111,0.6523,0.5287,12.36,11.38,0.0,1165,0.6515,0.5424,10.91,True,REPLICATED
btts,p_over15>=0.55 & p_btts>=0.6,2110,0.6521,0.5287,12.35,11.362,0.0,1165,0.6515,0.5424,10.91,True,REPLICATED
btts,p_over15>=0.6 & p_btts>=0.6,2110,0.6521,0.5287,12.35,11.362,0.0,1165,0.6515,0.5424,10.91,True,REPLICATED
btts,p_over15>=0.65 & p_btts>=0.6,2104,0.6521,0.5287,12.34,11.342,0.0,1162,0.6532,0.5424,11.08,True,REPLICATED
over15,p_btts>=0.5 & p_over25>=0.65,955,0.8628,0.7399,12.3,8.661,0.0,472,0.8898,0.7512,13.86,True,REPLICATED
over15,p_over25>=0.65 & p_btts>=0.5,955,0.8628,0.7399,12.3,8.661,0.0,472,0.8898,0.7512,13.86,True,REPLICATED
over25,p_btts>=0.6 & p_over25>=0.45,2062,0.6271,0.5047,12.24,11.115,0.0,1136,0.6276,0.5163,11.13,True,REPLICATED
btts,p_over35>=0.45 & p_btts>=0.5,705,0.6482,0.5287,11.96,6.36,2.0185542126682776e-10,367,0.7112,0.5424,16.87,True,REPLICATED
over15,p_btts>=0.6 & p_over25>=0.6,995,0.8593,0.7399,11.94,8.587,0.0,546,0.8864,0.7512,13.53,True,REPLICATED
over15,p_over25>=0.6 & p_btts>=0.6,995,0.8593,0.7399,11.94,8.587,0.0,546,0.8864,0.7512,13.53,True,REPLICATED
over25,p_btts>=0.6 & p_over15>=0.65,2104,0.6231,0.5047,11.84,10.864,0.0,1162,0.6239,0.5163,10.76,True,REPLICATED
over25,p_over15>=0.65 & p_btts>=0.6,2104,0.6231,0.5047,11.84,10.864,0.0,1162,0.6239,0.5163,10.76,True,REPLICATED
over25,p_btts>=0.6 & p_over15>=0.6,2110,0.6223,0.5047,11.76,10.804,0.0,1165,0.624,0.5163,10.77,True,REPLICATED
over25,p_btts>=0.6 & p_over15>=0.55,2110,0.6223,0.5047,11.76,10.804,0.0,1165,0.624,0.5163,10.77,True,REPLICATED
over25,p_over15>=0.6 & p_btts>=0.6,2110,0.6223,0.5047,11.76,10.804,0.0,1165,0.624,0.5163,10.77,True,REPLICATED
over25,p_over15>=0.55 & p_btts>=0.6,2110,0.6223,0.5047,11.76,10.804,0.0,1165,0.624,0.5163,10.77,True,REPLICATED
over25,p_over15>=0.5 & p_btts>=0.6,2111,0.622,0.5047,11.73,10.78,0.0,1165,0.624,0.5163,10.77,True,REPLICATED
over25,p_btts>=0.6 & p_over15>=0.5,2111,0.622,0.5047,11.73,10.78,0.0,1165,0.624,0.5163,10.77,True,REPLICATED
over25,p_btts>=0.6 & p_over15>=0.45,2111,0.622,0.5047,11.73,10.78,0.0,1165,0.624,0.5163,10.77,True,REPLICATED
over25,p_over15>=0.45 & p_btts>=0.6,2111,0.622,0.5047,11.73,10.78,0.0,1165,0.624,0.5163,10.77,True,REPLICATED
over35,p_btts>=0.6 & p_over25>=0.5,1944,0.3961,0.2792,11.69,11.487,0.0,1092,0.4139,0.2917,12.22,True,REPLICATED
over35,p_over25>=0.5 & p_btts>=0.6,1944,0.3961,0.2792,11.69,11.487,0.0,1092,0.4139,0.2917,12.22,True,REPLICATED
over35,p_over25>=0.6 & p_btts>=0.5,2193,0.3958,0.2792,11.66,12.17,0.0,1276,0.4357,0.2917,14.4,True,REPLICATED
over35,p_btts>=0.5 & p_over25>=0.6,2193,0.3958,0.2792,11.66,12.17,0.0,1276,0.4357,0.2917,14.4,True,REPLICATED
btts,p_over35>=0.45 & p_btts>=0.45,728,0.6415,0.5287,11.28,6.098,1.0717660092751657e-09,374,0.7166,0.5424,17.42,True,REPLICATED
over35,p_over25>=0.6 & p_over15>=0.55,2380,0.3916,0.2792,11.24,12.221,0.0,1355,0.4303,0.2917,13.86,True,REPLICATED
over35,p_over15>=0.65 & p_over25>=0.6,2380,0.3916,0.2792,11.24,12.221,0.0,1354,0.4298,0.2917,13.81,True,REPLICATED
over35,p_over25>=0.6 & p_over15>=0.5,2380,0.3916,0.2792,11.24,12.221,0.0,1355,0.4303,0.2917,13.86,True,REPLICATED
over35,p_over25>=0.6 & p_over15>=0.6,2380,0.3916,0.2792,11.24,12.221,0.0,1355,0.4303,0.2917,13.86,True,REPLICATED
over35,p_over25>=0.6 & p_over15>=0.65,2380,0.3916,0.2792,11.24,12.221,0.0,1354,0.4298,0.2917,13.81,True,REPLICATED
over35,p_over25>=0.6 & p_over15>=0.45,2380,0.3916,0.2792,11.24,12.221,0.0,1355,0.4303,0.2917,13.86,True,REPLICATED
over35,p_over15>=0.45 & p_over25>=0.6,2380,0.3916,0.2792,11.24,12.221,0.0,1355,0.4303,0.2917,13.86,True,REPLICATED
over35,p_over15>=0.6 & p_over25>=0.6,2380,0.3916,0.2792,11.24,12.221,0.0,1355,0.4303,0.2917,13.86,True,REPLICATED
over35,p_over15>=0.55 & p_over25>=0.6,2380,0.3916,0.2792,11.24,12.221,0.0,1355,0.4303,0.2917,13.86,True,REPLICATED
over35,p_over15>=0.5 & p_over25>=0.6,2380,0.3916,0.2792,11.24,12.221,0.0,1355,0.4303,0.2917,13.86,True,REPLICATED
btts,p_over35>=0.45 & p_over25>=0.6,623,0.6404,0.5287,11.18,5.59,2.2741979632812104e-08,339,0.7109,0.5424,16.85,True,REPLICATED
btts,p_over25>=0.6 & p_over35>=0.45,623,0.6404,0.5287,11.18,5.59,2.2741979632812104e-08,339,0.7109,0.5424,16.85,True,REPLICATED
over35,p_over25>=0.6 & p_btts>=0.45,2331,0.3908,0.2792,11.16,12.011,0.0,1325,0.4309,0.2917,13.92,True,REPLICATED
over35,p_btts>=0.45 & p_over25>=0.6,2331,0.3908,0.2792,11.16,12.011,0.0,1325,0.4309,0.2917,13.92,True,REPLICATED
btts,p_over35>=0.45 & p_over25>=0.55,705,0.6369,0.5287,10.82,5.756,8.595955058865457e-09,376,0.7128,0.5424,17.03,True,REPLICATED
btts,p_over25>=0.55 & p_over35>=0.45,705,0.6369,0.5287,10.82,5.756,8.595955058865457e-09,376,0.7128,0.5424,17.03,True,REPLICATED
over35,p_btts>=0.6 & p_over25>=0.45,2062,0.3865,0.2792,10.73,10.861,0.0,1136,0.4076,0.2917,11.59,True,REPLICATED
over35,p_over25>=0.45 & p_btts>=0.6,2062,0.3865,0.2792,10.73,10.861,0.0,1136,0.4076,0.2917,11.59,True,REPLICATED
btts,p_over25>=0.5 & p_over35>=0.45,733,0.6357,0.5287,10.71,5.808,6.325225232473031e-09,379,0.7124,0.5424,17.0,True,REPLICATED
btts,p_over35>=0.45 & p_over25>=0.5,733,0.6357,0.5287,10.71,5.808,6.325225232473031e-09,379,0.7124,0.5424,17.0,True,REPLICATED
btts,p_over25>=0.65 & p_btts>=0.5,955,0.6356,0.5287,10.69,6.621,3.577693696854567e-11,472,0.6525,0.5424,11.01,True,REPLICATED
btts,p_over25>=0.45 & p_over35>=0.45,738,0.6341,0.5287,10.55,5.741,9.424274693969892e-09,379,0.7124,0.5424,17.0,True,REPLICATED
btts,p_over15>=0.45 & p_over35>=0.45,738,0.6341,0.5287,10.55,5.741,9.424274693969892e-09,379,0.7124,0.5424,17.0,True,REPLICATED
btts,p_over35>=0.45 & p_over15>=0.55,738,0.6341,0.5287,10.55,5.741,9.424274693969892e-09,379,0.7124,0.5424,17.0,True,REPLICATED
btts,p_over15>=0.5 & p_over35>=0.45,738,0.6341,0.5287,10.55,5.741,9.424274693969892e-09,379,0.7124,0.5424,17.0,True,REPLICATED
btts,p_over35>=0.45 & p_over15>=0.45,738,0.6341,0.5287,10.55,5.741,9.424274693969892e-09,379,0.7124,0.5424,17.0,True,REPLICATED
btts,p_over35>=0.45 & p_over15>=0.65,738,0.6341,0.5287,10.55,5.741,9.424274693969892e-09,379,0.7124,0.5424,17.0,True,REPLICATED
btts,p_over15>=0.55 & p_over35>=0.45,738,0.6341,0.5287,10.55,5.741,9.424274693969892e-09,379,0.7124,0.5424,17.0,True,REPLICATED
btts,p_over35>=0.45 & p_over25>=0.45,738,0.6341,0.5287,10.55,5.741,9.424274693969892e-09,379,0.7124,0.5424,17.0,True,REPLICATED
btts,p_over15>=0.6 & p_over35>=0.45,738,0.6341,0.5287,10.55,5.741,9.424274693969892e-09,379,0.7124,0.5424,17.0,True,REPLICATED
btts,p_over15>=0.65 & p_over35>=0.45,738,0.6341,0.5287,10.55,5.741,9.424274693969892e-09,379,0.7124,0.5424,17.0,True,REPLICATED
btts,p_over35>=0.45 & p_over15>=0.6,738,0.6341,0.5287,10.55,5.741,9.424274693969892e-09,379,0.7124,0.5424,17.0,True,REPLICATED
btts,p_over35>=0.45 & p_over15>=0.5,738,0.6341,0.5287,10.55,5.741,9.424274693969892e-09,379,0.7124,0.5424,17.0,True,REPLICATED
btts,p_over25>=0.6 & p_btts>=0.55,1762,0.6322,0.5287,10.36,8.71,0.0,1044,0.6705,0.5424,12.81,True,REPLICATED
over15,p_over25>=0.6 & p_btts>=0.55,1762,0.8428,0.7399,10.29,9.848,0.0,1044,0.8573,0.7512,10.61,True,REPLICATED
over35,p_over15>=0.65 & p_btts>=0.6,2104,0.3821,0.2792,10.29,10.523,0.0,1162,0.4028,0.2917,11.1,True,REPLICATED
over15,p_btts>=0.55 & p_over25>=0.6,1762,0.8428,0.7399,10.29,9.848,0.0,1044,0.8573,0.7512,10.61,True,REPLICATED
over35,p_btts>=0.6 & p_over15>=0.65,2104,0.3821,0.2792,10.29,10.523,0.0,1162,0.4028,0.2917,11.1,True,REPLICATED
over15,p_over25>=0.55 & p_btts>=0.6,1552,0.8421,0.7399,10.23,9.184,0.0,920,0.8576,0.7512,10.64,True,REPLICATED
over15,p_btts>=0.6 & p_over25>=0.55,1552,0.8421,0.7399,10.23,9.184,0.0,920,0.8576,0.7512,10.64,True,REPLICATED
over35,p_over15>=0.6 & p_btts>=0.6,2110,0.3815,0.2792,10.23,10.475,0.0,1165,0.4026,0.2917,11.09,True,REPLICATED
over35,p_btts>=0.6 & p_over15>=0.6,2110,0.3815,0.2792,10.23,10.475,0.0,1165,0.4026,0.2917,11.09,True,REPLICATED
over35,p_btts>=0.6 & p_over15>=0.55,2110,0.3815,0.2792,10.23,10.475,0.0,1165,0.4026,0.2917,11.09,True,REPLICATED
over35,p_over15>=0.55 & p_btts>=0.6,2110,0.3815,0.2792,10.23,10.475,0.0,1165,0.4026,0.2917,11.09,True,REPLICATED
over35,p_btts>=0.6 & p_over15>=0.45,2111,0.3813,0.2792,10.21,10.459,0.0,1165,0.4026,0.2917,11.09,True,REPLICATED
over35,p_over15>=0.5 & p_btts>=0.6,2111,0.3813,0.2792,10.21,10.459,0.0,1165,0.4026,0.2917,11.09,True,REPLICATED
over35,p_over15>=0.45 & p_btts>=0.6,2111,0.3813,0.2792,10.21,10.459,0.0,1165,0.4026,0.2917,11.09,True,REPLICATED
over35,p_btts>=0.6 & p_over15>=0.5,2111,0.3813,0.2792,10.21,10.459,0.0,1165,0.4026,0.2917,11.09,True,REPLICATED
over25,p_btts>=0.55 & p_over25>=0.55,3458,0.6044,0.5047,9.97,11.729,0.0,2255,0.6182,0.5163,10.18,True,REPLICATED
over15,p_btts>=0.45 & p_over25>=0.6,2331,0.8387,0.7399,9.88,10.876,0.0,1325,0.8513,0.7512,10.01,True,REPLICATED
over15,p_over25>=0.6 & p_over15>=0.5,2380,0.8387,0.7399,9.88,10.985,0.0,1355,0.8509,0.7512,9.97,True,REPLICATED
over15,p_over25>=0.6 & p_over15>=0.6,2380,0.8387,0.7399,9.88,10.985,0.0,1355,0.8509,0.7512,9.97,True,REPLICATED
over15,p_over25>=0.6 & p_over15>=0.55,2380,0.8387,0.7399,9.88,10.985,0.0,1355,0.8509,0.7512,9.97,True,REPLICATED
over15,p_over25>=0.6 & p_btts>=0.45,2331,0.8387,0.7399,9.88,10.876,0.0,1325,0.8513,0.7512,10.01,True,REPLICATED
over15,p_over25>=0.6 & p_over15>=0.65,2380,0.8387,0.7399,9.88,10.985,0.0,1354,0.8508,0.7512,9.96,True,REPLICATED
over15,p_over25>=0.6 & p_over15>=0.45,2380,0.8387,0.7399,9.88,10.985,0.0,1355,0.8509,0.7512,9.97,True,REPLICATED
btts,p_over25>=0.65 & p_btts>=0.45,1028,0.6245,0.5287,9.59,6.157,7.425264847427115e-10,488,0.6557,0.5424,11.33,True,REPLICATED
over25,p_btts>=0.5 & p_over25>=0.55,4682,0.6002,0.5047,9.55,13.069,0.0,2978,0.6158,0.5163,9.95,True,REPLICATED
over25,p_btts>=0.45 & p_over25>=0.55,4994,0.5989,0.5047,9.42,13.321,0.0,3146,0.6135,0.5163,9.71,True,REPLICATED
over15,p_btts>=0.5 & p_over25>=0.6,2193,0.834,0.7399,9.41,10.05,0.0,1276,0.8542,0.7512,10.3,True,REPLICATED
over15,p_over25>=0.6 & p_btts>=0.5,2193,0.834,0.7399,9.41,10.05,0.0,1276,0.8542,0.7512,10.3,True,REPLICATED
over25,p_over15>=0.65 & p_over25>=0.55,5080,0.5984,0.5047,9.37,13.364,0.0,3197,0.6124,0.5163,9.61,True,REPLICATED
over25,p_over15>=0.45 & p_over25>=0.55,5085,0.5982,0.5047,9.36,13.343,0.0,3202,0.6124,0.5163,9.61,True,REPLICATED
over25,p_over15>=0.5 & p_over25>=0.55,5085,0.5982,0.5047,9.36,13.343,0.0,3202,0.6124,0.5163,9.61,True,REPLICATED
over25,p_over15>=0.6 & p_over25>=0.55,5085,0.5982,0.5047,9.36,13.343,0.0,3200,0.6125,0.5163,9.62,True,REPLICATED
over25,p_over15>=0.55 & p_over25>=0.55,5085,0.5982,0.5047,9.36,13.343,0.0,3202,0.6124,0.5163,9.61,True,REPLICATED
over15,p_btts>=0.6 & p_over25>=0.5,1944,0.8313,0.7399,9.14,9.187,0.0,1092,0.8443,0.7512,9.31,True,REPLICATED
over15,p_over25>=0.5 & p_btts>=0.6,1944,0.8313,0.7399,9.14,9.187,0.0,1092,0.8443,0.7512,9.31,True,REPLICATED
over35,p_btts>=0.55 & p_over25>=0.55,3458,0.3673,0.2792,8.8,11.541,0.0,2255,0.3947,0.2917,10.3,True,REPLICATED
over35,p_over25>=0.55 & p_btts>=0.55,3458,0.3673,0.2792,8.8,11.541,0.0,2255,0.3947,0.2917,10.3,True,REPLICATED
btts,p_over15>=0.6 & p_over25>=0.65,1048,0.6164,0.5287,8.78,5.691,1.2632852541827333e-08,503,0.6461,0.5424,10.37,True,REPLICATED
btts,p_over25>=0.65 & p_over15>=0.55,1048,0.6164,0.5287,8.78,5.691,1.2632852541827333e-08,503,0.6461,0.5424,10.37,True,REPLICATED
btts,p_over15>=0.65 & p_over25>=0.65,1048,0.6164,0.5287,8.78,5.691,1.2632852541827333e-08,502,0.6474,0.5424,10.5,True,REPLICATED
btts,p_over25>=0.65 & p_over15>=0.65,1048,0.6164,0.5287,8.78,5.691,1.2632852541827333e-08,502,0.6474,0.5424,10.5,True,REPLICATED
btts,p_over25>=0.65 & p_over15>=0.45,1048,0.6164,0.5287,8.78,5.691,1.2632852541827333e-08,503,0.6461,0.5424,10.37,True,REPLICATED
btts,p_over25>=0.65 & p_over15>=0.5,1048,0.6164,0.5287,8.78,5.691,1.2632852541827333e-08,503,0.6461,0.5424,10.37,True,REPLICATED
btts,p_over15>=0.45 & p_over25>=0.65,1048,0.6164,0.5287,8.78,5.691,1.2632852541827333e-08,503,0.6461,0.5424,10.37,True,REPLICATED
btts,p_over15>=0.5 & p_over25>=0.65,1048,0.6164,0.5287,8.78,5.691,1.2632852541827333e-08,503,0.6461,0.5424,10.37,True,REPLICATED
btts,p_over25>=0.65 & p_over15>=0.6,1048,0.6164,0.5287,8.78,5.691,1.2632852541827333e-08,503,0.6461,0.5424,10.37,True,REPLICATED
btts,p_over15>=0.55 & p_over25>=0.65,1048,0.6164,0.5287,8.78,5.691,1.2632852541827333e-08,503,0.6461,0.5424,10.37,True,REPLICATED
over15,p_over25>=0.45 & p_btts>=0.6,2062,0.8264,0.7399,8.65,8.955,0.0,1136,0.8424,0.7512,9.12,True,REPLICATED
over15,p_btts>=0.6 & p_over25>=0.45,2062,0.8264,0.7399,8.65,8.955,0.0,1136,0.8424,0.7512,9.12,True,REPLICATED
over15,p_btts>=0.6 & p_over15>=0.65,2104,0.8251,0.7399,8.52,8.911,0.0,1162,0.8417,0.7512,9.05,True,REPLICATED
over15,p_btts>=0.6 & p_over15>=0.5,2111,0.8247,0.7399,8.49,8.887,0.0,1165,0.8412,0.7512,9.0,True,REPLICATED
over15,p_btts>=0.6 & p_over15>=0.45,2111,0.8247,0.7399,8.49,8.887,0.0,1165,0.8412,0.7512,9.0,True,REPLICATED
over15,p_btts>=0.6 & p_over15>=0.6,2110,0.8246,0.7399,8.48,8.876,0.0,1165,0.8412,0.7512,9.0,True,REPLICATED
over15,p_btts>=0.6 & p_over15>=0.55,2110,0.8246,0.7399,8.48,8.876,0.0,1165,0.8412,0.7512,9.0,True,REPLICATED
over35,p_btts>=0.5 & p_over25>=0.55,4682,0.3614,0.2792,8.22,12.533,0.0,2978,0.3912,0.2917,9.95,True,REPLICATED
over35,p_over25>=0.55 & p_btts>=0.5,4682,0.3614,0.2792,8.22,12.533,0.0,2978,0.3912,0.2917,9.95,True,REPLICATED
over35,p_over25>=0.55 & p_over15>=0.65,5080,0.3585,0.2792,7.92,12.591,0.0,3197,0.3888,0.2917,9.71,True,REPLICATED
over35,p_over15>=0.65 & p_over25>=0.55,5080,0.3585,0.2792,7.92,12.591,0.0,3197,0.3888,0.2917,9.71,True,REPLICATED
over35,p_over15>=0.5 & p_over25>=0.55,5085,0.3583,0.2792,7.91,12.572,0.0,3202,0.3888,0.2917,9.71,True,REPLICATED
over35,p_over15>=0.6 & p_over25>=0.55,5085,0.3583,0.2792,7.91,12.572,0.0,3200,0.3887,0.2917,9.7,True,REPLICATED
over35,p_over25>=0.55 & p_over15>=0.5,5085,0.3583,0.2792,7.91,12.572,0.0,3202,0.3888,0.2917,9.71,True,REPLICATED
over35,p_over25>=0.55 & p_over15>=0.55,5085,0.3583,0.2792,7.91,12.572,0.0,3202,0.3888,0.2917,9.71,True,REPLICATED
over35,p_over25>=0.55 & p_over15>=0.6,5085,0.3583,0.2792,7.91,12.572,0.0,3200,0.3887,0.2917,9.7,True,REPLICATED
over35,p_over25>=0.55 & p_over15>=0.45,5085,0.3583,0.2792,7.91,12.572,0.0,3202,0.3888,0.2917,9.71,True,REPLICATED
over35,p_over15>=0.55 & p_over25>=0.55,5085,0.3583,0.2792,7.91,12.572,0.0,3202,0.3888,0.2917,9.71,True,REPLICATED
over35,p_over15>=0.45 & p_over25>=0.55,5085,0.3583,0.2792,7.91,12.572,0.0,3202,0.3888,0.2917,9.71,True,REPLICATED
over35,p_over25>=0.55 & p_btts>=0.45,4994,0.358,0.2792,7.88,12.415,0.0,3146,0.3897,0.2917,9.8,True,REPLICATED
over35,p_btts>=0.45 & p_over25>=0.55,4994,0.358,0.2792,7.88,12.415,0.0,3146,0.3897,0.2917,9.8,True,REPLICATED
btts,p_over25>=0.6 & p_btts>=0.5,2193,0.6074,0.5287,7.87,7.386,1.5165646516379638e-13,1276,0.6364,0.5424,9.39,True,REPLICATED
btts,p_over25>=0.55 & p_btts>=0.55,3458,0.607,0.5287,7.83,9.229,0.0,2255,0.6266,0.5424,8.42,True,REPLICATED
over15,p_btts>=0.55 & p_over25>=0.55,3458,0.8135,0.7399,7.36,9.866,0.0,2255,0.8271,0.7512,7.59,True,REPLICATED
over15,p_over25>=0.55 & p_btts>=0.55,3458,0.8135,0.7399,7.36,9.866,0.0,2255,0.8271,0.7512,7.59,True,REPLICATED
over25,p_btts>=0.55 & p_over25>=0.5,5065,0.5783,0.5047,7.36,10.477,0.0,3321,0.5911,0.5163,7.47,True,REPLICATED
over15,p_over25>=0.55 & p_over15>=0.65,5080,0.8118,0.7399,7.19,11.688,0.0,3197,0.8233,0.7512,7.21,True,REPLICATED
over15,p_over25>=0.55 & p_over15>=0.5,5085,0.8114,0.7399,7.15,11.628,0.0,3202,0.8229,0.7512,7.17,True,REPLICATED
over15,p_over25>=0.55 & p_over15>=0.55,5085,0.8114,0.7399,7.15,11.628,0.0,3202,0.8229,0.7512,7.17,True,REPLICATED
over15,p_over25>=0.55 & p_over15>=0.45,5085,0.8114,0.7399,7.15,11.628,0.0,3202,0.8229,0.7512,7.17,True,REPLICATED
over15,p_over25>=0.55 & p_over15>=0.6,5085,0.8114,0.7399,7.15,11.628,0.0,3200,0.8231,0.7512,7.19,True,REPLICATED
over15,p_over25>=0.55 & p_btts>=0.45,4994,0.8108,0.7399,7.09,11.421,0.0,3146,0.8255,0.7512,7.43,True,REPLICATED
over15,p_btts>=0.45 & p_over25>=0.55,4994,0.8108,0.7399,7.09,11.421,0.0,3146,0.8255,0.7512,7.43,True,REPLICATED
btts,p_over25>=0.6 & p_btts>=0.45,2331,0.598,0.5287,6.94,6.709,1.957367601335136e-11,1325,0.634,0.5424,9.15,True,REPLICATED
over15,p_over25>=0.55 & p_btts>=0.5,4682,0.8093,0.7399,6.94,10.824,0.0,2978,0.8287,0.7512,7.75,True,REPLICATED
over15,p_btts>=0.5 & p_over25>=0.55,4682,0.8093,0.7399,6.94,10.824,0.0,2978,0.8287,0.7512,7.75,True,REPLICATED
btts,p_over25>=0.5 & p_btts>=0.55,5065,0.5933,0.5287,6.46,9.214,0.0,3321,0.6052,0.5424,6.28,True,REPLICATED
over25,p_btts>=0.55 & p_over25>=0.45,5745,0.5687,0.5047,6.4,9.701,0.0,3708,0.5809,0.5163,6.46,True,REPLICATED
btts,p_over25>=0.6 & p_over15>=0.55,2380,0.5924,0.5287,6.38,6.233,4.5747272636731395e-10,1355,0.6303,0.5424,8.78,True,REPLICATED
btts,p_over25>=0.6 & p_over15>=0.5,2380,0.5924,0.5287,6.38,6.233,4.5747272636731395e-10,1355,0.6303,0.5424,8.78,True,REPLICATED
btts,p_over25>=0.6 & p_over15>=0.6,2380,0.5924,0.5287,6.38,6.233,4.5747272636731395e-10,1355,0.6303,0.5424,8.78,True,REPLICATED
btts,p_over15>=0.5 & p_over25>=0.6,2380,0.5924,0.5287,6.38,6.233,4.5747272636731395e-10,1355,0.6303,0.5424,8.78,True,REPLICATED
btts,p_over15>=0.55 & p_over25>=0.6,2380,0.5924,0.5287,6.38,6.233,4.5747272636731395e-10,1355,0.6303,0.5424,8.78,True,REPLICATED
btts,p_over25>=0.6 & p_over15>=0.45,2380,0.5924,0.5287,6.38,6.233,4.5747272636731395e-10,1355,0.6303,0.5424,8.78,True,REPLICATED
btts,p_over15>=0.45 & p_over25>=0.6,2380,0.5924,0.5287,6.38,6.233,4.5747272636731395e-10,1355,0.6303,0.5424,8.78,True,REPLICATED
btts,p_over15>=0.65 & p_over25>=0.6,2380,0.5924,0.5287,6.38,6.233,4.5747272636731395e-10,1354,0.6307,0.5424,8.83,True,REPLICATED
btts,p_over15>=0.6 & p_over25>=0.6,2380,0.5924,0.5287,6.38,6.233,4.5747272636731395e-10,1355,0.6303,0.5424,8.78,True,REPLICATED
btts,p_over25>=0.6 & p_over15>=0.65,2380,0.5924,0.5287,6.38,6.233,4.5747272636731395e-10,1354,0.6307,0.5424,8.83,True,REPLICATED
over35,p_btts>=0.55 & p_over25>=0.5,5065,0.3427,0.2792,6.35,10.078,0.0,3321,0.3616,0.2917,6.99,True,REPLICATED
over35,p_over25>=0.5 & p_btts>=0.55,5065,0.3427,0.2792,6.35,10.078,0.0,3321,0.3616,0.2917,6.99,True,REPLICATED
btts,p_over25>=0.55 & p_btts>=0.5,4682,0.5908,0.5287,6.21,8.514,0.0,2978,0.6075,0.5424,6.5,True,REPLICATED
over25,p_btts>=0.55 & p_over15>=0.65,6007,0.565,0.5047,6.03,9.352,0.0,3834,0.5775,0.5163,6.11,True,REPLICATED
over25,p_over15>=0.65 & p_btts>=0.55,6007,0.565,0.5047,6.03,9.352,0.0,3834,0.5775,0.5163,6.11,True,REPLICATED
over25,p_over15>=0.6 & p_btts>=0.55,6029,0.5646,0.5047,5.99,9.307,0.0,3856,0.5768,0.5163,6.04,True,REPLICATED
over25,p_btts>=0.55 & p_over15>=0.6,6029,0.5646,0.5047,5.99,9.307,0.0,3856,0.5768,0.5163,6.04,True,REPLICATED
over25,p_btts>=0.55 & p_over15>=0.55,6030,0.5645,0.5047,5.98,9.293,0.0,3862,0.5772,0.5163,6.08,True,REPLICATED
over25,p_over15>=0.55 & p_btts>=0.55,6030,0.5645,0.5047,5.98,9.293,0.0,3862,0.5772,0.5163,6.08,True,REPLICATED
over25,p_btts>=0.55 & p_over15>=0.5,6031,0.5644,0.5047,5.97,9.279,0.0,3862,0.5772,0.5163,6.08,True,REPLICATED
over25,p_btts>=0.55 & p_over15>=0.45,6031,0.5644,0.5047,5.97,9.279,0.0,3862,0.5772,0.5163,6.08,True,REPLICATED
over25,p_over15>=0.5 & p_btts>=0.55,6031,0.5644,0.5047,5.97,9.279,0.0,3862,0.5772,0.5163,6.08,True,REPLICATED
over25,p_over15>=0.45 & p_btts>=0.55,6031,0.5644,0.5047,5.97,9.279,0.0,3862,0.5772,0.5163,6.08,True,REPLICATED
btts,p_over25>=0.45 & p_btts>=0.55,5745,0.5873,0.5287,5.86,8.903,0.0,3708,0.6003,0.5424,5.79,True,REPLICATED
btts,p_over15>=0.6 & p_btts>=0.55,6029,0.5857,0.5287,5.7,8.868,0.0,3856,0.5996,0.5424,5.72,True,REPLICATED
btts,p_over15>=0.5 & p_btts>=0.55,6031,0.5856,0.5287,5.7,8.865,0.0,3862,0.5994,0.5424,5.7,True,REPLICATED
btts,p_over15>=0.45 & p_btts>=0.55,6031,0.5856,0.5287,5.7,8.865,0.0,3862,0.5994,0.5424,5.7,True,REPLICATED
btts,p_over15>=0.65 & p_btts>=0.55,6007,0.5857,0.5287,5.7,8.849,0.0,3834,0.5999,0.5424,5.75,True,REPLICATED
btts,p_over15>=0.55 & p_btts>=0.55,6030,0.5856,0.5287,5.69,8.853,0.0,3862,0.5994,0.5424,5.7,True,REPLICATED
over15,p_btts>=0.55 & p_over25>=0.5,5065,0.7961,0.7399,5.62,9.114,0.0,3321,0.8097,0.7512,5.85,True,REPLICATED
over15,p_over25>=0.5 & p_btts>=0.55,5065,0.7961,0.7399,5.62,9.114,0.0,3321,0.8097,0.7512,5.85,True,REPLICATED
over25,p_btts>=0.5 & p_over25>=0.5,7793,0.5596,0.5047,5.49,9.698,0.0,5171,0.5759,0.5163,5.96,True,REPLICATED
btts,p_over25>=0.55 & p_btts>=0.45,4994,0.5835,0.5287,5.48,7.764,8.215650382226158e-15,3146,0.6039,0.5424,6.15,True,REPLICATED
over25,p_btts>=0.45 & p_over25>=0.5,8506,0.5578,0.5047,5.32,9.807,0.0,5673,0.5736,0.5163,5.73,True,REPLICATED
over25,p_over15>=0.65 & p_over25>=0.5,8659,0.5568,0.5047,5.21,9.694,0.0,5764,0.5723,0.5163,5.6,True,REPLICATED
over25,p_over15>=0.55 & p_over25>=0.5,8693,0.5568,0.5047,5.21,9.715,0.0,5788,0.5719,0.5163,5.55,True,REPLICATED
over25,p_over15>=0.6 & p_over25>=0.5,8691,0.5568,0.5047,5.21,9.716,0.0,5785,0.5718,0.5163,5.55,True,REPLICATED
over25,p_over15>=0.45 & p_over25>=0.5,8693,0.5568,0.5047,5.21,9.715,0.0,5789,0.5718,0.5163,5.54,True,REPLICATED
over25,p_over15>=0.5 & p_over25>=0.5,8693,0.5568,0.5047,5.21,9.715,0.0,5789,0.5718,0.5163,5.54,True,REPLICATED
over35,p_btts>=0.55 & p_over25>=0.45,5745,0.3311,0.2792,5.19,8.761,0.0,3708,0.3519,0.2917,6.02,True,REPLICATED
over35,p_over25>=0.45 & p_btts>=0.55,5745,0.3311,0.2792,5.19,8.761,0.0,3708,0.3519,0.2917,6.02,True,REPLICATED
over35,p_over25>=0.5 & p_btts>=0.5,7793,0.3299,0.2792,5.07,9.976,0.0,5171,0.3494,0.2917,5.77,True,REPLICATED
over35,p_btts>=0.5 & p_over25>=0.5,7793,0.3299,0.2792,5.07,9.976,0.0,5171,0.3494,0.2917,5.77,True,REPLICATED
btts,p_over25>=0.55 & p_over15>=0.65,5080,0.5787,0.5287,5.01,7.151,8.637535131583718e-13,3197,0.6003,0.5424,5.78,True,REPLICATED
btts,p_over15>=0.65 & p_over25>=0.55,5080,0.5787,0.5287,5.01,7.151,8.637535131583718e-13,3197,0.6003,0.5424,5.78,True,REPLICATED
btts,p_over25>=0.55 & p_over15>=0.6,5085,0.5786,0.5287,4.99,7.129,1.0105249970138175e-12,3200,0.6,0.5424,5.76,True,REPLICATED
btts,p_over15>=0.45 & p_over25>=0.55,5085,0.5786,0.5287,4.99,7.129,1.0105249970138175e-12,3202,0.5999,0.5424,5.75,True,REPLICATED
btts,p_over15>=0.55 & p_over25>=0.55,5085,0.5786,0.5287,4.99,7.129,1.0105249970138175e-12,3202,0.5999,0.5424,5.75,True,REPLICATED
btts,p_over15>=0.5 & p_over25>=0.55,5085,0.5786,0.5287,4.99,7.129,1.0105249970138175e-12,3202,0.5999,0.5424,5.75,True,REPLICATED
btts,p_over15>=0.6 & p_over25>=0.55,5085,0.5786,0.5287,4.99,7.129,1.0105249970138175e-12,3200,0.6,0.5424,5.76,True,REPLICATED
btts,p_over25>=0.55 & p_over15>=0.45,5085,0.5786,0.5287,4.99,7.129,1.0105249970138175e-12,3202,0.5999,0.5424,5.75,True,REPLICATED
btts,p_over25>=0.55 & p_over15>=0.55,5085,0.5786,0.5287,4.99,7.129,1.0105249970138175e-12,3202,0.5999,0.5424,5.75,True,REPLICATED
btts,p_over25>=0.55 & p_over15>=0.5,5085,0.5786,0.5287,4.99,7.129,1.0105249970138175e-12,3202,0.5999,0.5424,5.75,True,REPLICATED
over35,p_btts>=0.55 & p_over15>=0.65,6007,0.3276,0.2792,4.84,8.362,0.0,3834,0.3466,0.2917,5.49,True,REPLICATED
over35,p_over15>=0.65 & p_btts>=0.55,6007,0.3276,0.2792,4.84,8.362,0.0,3834,0.3466,0.2917,5.49,True,REPLICATED
over15,p_over25>=0.45 & p_btts>=0.55,5745,0.788,0.7399,4.81,8.314,0.0,3708,0.8039,0.7512,5.27,True,REPLICATED
over15,p_btts>=0.55 & p_over25>=0.45,5745,0.788,0.7399,4.81,8.314,0.0,3708,0.8039,0.7512,5.27,True,REPLICATED
over35,p_over15>=0.6 & p_btts>=0.55,6029,0.3271,0.2792,4.79,8.285,0.0,3856,0.346,0.2917,5.42,True,REPLICATED
over35,p_btts>=0.55 & p_over15>=0.6,6029,0.3271,0.2792,4.79,8.285,0.0,3856,0.346,0.2917,5.42,True,REPLICATED
over35,p_over15>=0.45 & p_btts>=0.55,6031,0.327,0.2792,4.78,8.268,0.0,3862,0.3462,0.2917,5.45,True,REPLICATED
over35,p_over15>=0.5 & p_btts>=0.55,6031,0.327,0.2792,4.78,8.268,0.0,3862,0.3462,0.2917,5.45,True,REPLICATED
over35,p_btts>=0.55 & p_over15>=0.45,6031,0.327,0.2792,4.78,8.268,0.0,3862,0.3462,0.2917,5.45,True,REPLICATED
over35,p_btts>=0.55 & p_over15>=0.55,6030,0.327,0.2792,4.78,8.277,0.0,3862,0.3462,0.2917,5.45,True,REPLICATED
over35,p_btts>=0.55 & p_over15>=0.5,6031,0.327,0.2792,4.78,8.268,0.0,3862,0.3462,0.2917,5.45,True,REPLICATED
over35,p_over15>=0.55 & p_btts>=0.55,6030,0.327,0.2792,4.78,8.277,0.0,3862,0.3462,0.2917,5.45,True,REPLICATED
over35,p_over25>=0.5 & p_btts>=0.45,8506,0.3255,0.2792,4.63,9.522,0.0,5673,0.3467,0.2917,5.5,True,REPLICATED
over35,p_btts>=0.45 & p_over25>=0.5,8506,0.3255,0.2792,4.63,9.522,0.0,5673,0.3467,0.2917,5.5,True,REPLICATED
over35,p_over15>=0.65 & p_over25>=0.5,8659,0.3253,0.2792,4.61,9.564,0.0,5764,0.3451,0.2917,5.34,True,REPLICATED
over35,p_over25>=0.5 & p_over15>=0.65,8659,0.3253,0.2792,4.61,9.564,0.0,5764,0.3451,0.2917,5.34,True,REPLICATED
over15,p_btts>=0.55 & p_over15>=0.65,6007,0.7857,0.7399,4.59,8.106,4.440892098500626e-16,3834,0.8023,0.7512,5.11,True,REPLICATED
over15,p_btts>=0.55 & p_over15>=0.6,6029,0.7855,0.7399,4.57,8.083,6.661338147750939e-16,3856,0.8024,0.7512,5.12,True,REPLICATED
over35,p_over15>=0.6 & p_over25>=0.5,8691,0.3248,0.2792,4.56,9.477,0.0,5785,0.3445,0.2917,5.28,True,REPLICATED
over15,p_btts>=0.55 & p_over15>=0.45,6031,0.7854,0.7399,4.56,8.067,6.661338147750939e-16,3862,0.8027,0.7512,5.15,True,REPLICATED
over15,p_btts>=0.55 & p_over15>=0.5,6031,0.7854,0.7399,4.56,8.067,6.661338147750939e-16,3862,0.8027,0.7512,5.15,True,REPLICATED
over35,p_over25>=0.5 & p_over15>=0.6,8691,0.3248,0.2792,4.56,9.477,0.0,5785,0.3445,0.2917,5.28,True,REPLICATED
over35,p_over25>=0.5 & p_over15>=0.45,8693,0.3247,0.2792,4.55,9.462,0.0,5789,0.3444,0.2917,5.27,True,REPLICATED
over35,p_over25>=0.5 & p_over15>=0.55,8693,0.3247,0.2792,4.55,9.462,0.0,5788,0.3445,0.2917,5.28,True,REPLICATED
over35,p_over15>=0.5 & p_over25>=0.5,8693,0.3247,0.2792,4.55,9.462,0.0,5789,0.3444,0.2917,5.27,True,REPLICATED
over15,p_btts>=0.55 & p_over15>=0.55,6030,0.7854,0.7399,4.55,8.06,8.881784197001252e-16,3862,0.8027,0.7512,5.15,True,REPLICATED
over35,p_over15>=0.55 & p_over25>=0.5,8693,0.3247,0.2792,4.55,9.462,0.0,5788,0.3445,0.2917,5.28,True,REPLICATED
over35,p_over25>=0.5 & p_over15>=0.5,8693,0.3247,0.2792,4.55,9.462,0.0,5789,0.3444,0.2917,5.27,True,REPLICATED
over35,p_over15>=0.45 & p_over25>=0.5,8693,0.3247,0.2792,4.55,9.462,0.0,5789,0.3444,0.2917,5.27,True,REPLICATED
over25,p_btts>=0.5 & p_over25>=0.45,9942,0.5464,0.5047,4.17,8.315,0.0,6686,0.5535,0.5163,3.72,True,REPLICATED
btts,p_over25>=0.5 & p_btts>=0.5,7793,0.5703,0.5287,4.16,7.356,1.894040480010517e-13,5171,0.585,0.5424,4.26,True,REPLICATED
over15,p_btts>=0.5 & p_over25>=0.5,7793,0.7815,0.7399,4.16,8.371,0.0,5171,0.8031,0.7512,5.19,True,REPLICATED
over15,p_over25>=0.5 & p_btts>=0.5,7793,0.7815,0.7399,4.16,8.371,0.0,5171,0.8031,0.7512,5.19,True,REPLICATED
over15,p_over25>=0.5 & p_over15>=0.65,8659,0.7814,0.7399,4.15,8.806,0.0,5764,0.7996,0.7512,4.84,True,REPLICATED
over15,p_over25>=0.5 & p_over15>=0.6,8691,0.7813,0.7399,4.14,8.797,0.0,5785,0.7988,0.7512,4.76,True,REPLICATED
over15,p_over25>=0.5 & p_over15>=0.55,8693,0.7812,0.7399,4.13,8.785,0.0,5788,0.7987,0.7512,4.75,True,REPLICATED
over15,p_over25>=0.5 & p_over15>=0.5,8693,0.7812,0.7399,4.13,8.785,0.0,5789,0.7986,0.7512,4.74,True,REPLICATED
over15,p_over25>=0.5 & p_over15>=0.45,8693,0.7812,0.7399,4.13,8.785,0.0,5789,0.7986,0.7512,4.74,True,REPLICATED
over15,p_over25>=0.5 & p_btts>=0.45,8506,0.7807,0.7399,4.09,8.593,0.0,5673,0.8003,0.7512,4.91,True,REPLICATED
over15,p_btts>=0.45 & p_over25>=0.5,8506,0.7807,0.7399,4.09,8.593,0.0,5673,0.8003,0.7512,4.91,True,REPLICATED
over25,p_btts>=0.45 & p_over25>=0.45,11328,0.5418,0.5047,3.71,7.893,3.1086244689504383e-15,7867,0.5496,0.5163,3.33,True,REPLICATED
over25,p_over15>=0.65 & p_over25>=0.45,11582,0.5402,0.5047,3.56,7.654,1.9539925233402755e-14,7993,0.5485,0.5163,3.21,True,REPLICATED
over25,p_over15>=0.6 & p_over25>=0.45,11684,0.5395,0.5047,3.48,7.519,5.5067062021407764e-14,8090,0.5481,0.5163,3.17,True,REPLICATED
btts,p_over25>=0.45 & p_btts>=0.5,9942,0.5633,0.5287,3.46,6.913,4.75397499144492e-12,6686,0.5728,0.5424,3.04,True,REPLICATED
over25,p_over15>=0.5 & p_over25>=0.45,11693,0.5393,0.5047,3.46,7.488,7.016609515630989e-14,8104,0.548,0.5163,3.17,True,REPLICATED
over25,p_over15>=0.55 & p_over25>=0.45,11691,0.5393,0.5047,3.46,7.489,6.972200594645983e-14,8103,0.5481,0.5163,3.17,True,REPLICATED
over25,p_over15>=0.45 & p_over25>=0.45,11693,0.5393,0.5047,3.46,7.488,7.016609515630989e-14,8104,0.548,0.5163,3.17,True,REPLICATED
btts,p_over25>=0.5 & p_btts>=0.45,8506,0.5625,0.5287,3.39,6.26,3.837667961192892e-10,5673,0.5814,0.5424,3.89,True,REPLICATED
over35,p_btts>=0.5 & p_over25>=0.45,9942,0.3127,0.2792,3.35,7.445,9.681144774731365e-14,6686,0.3286,0.2917,3.69,True,REPLICATED
over35,p_over25>=0.45 & p_btts>=0.5,9942,0.3127,0.2792,3.35,7.445,9.681144774731365e-14,6686,0.3286,0.2917,3.69,True,REPLICATED
over15,p_over25>=0.45 & p_btts>=0.5,9942,0.7715,0.7399,3.16,7.183,6.803446694902959e-13,6686,0.787,0.7512,3.58,True,REPLICATED
over15,p_btts>=0.5 & p_over25>=0.45,9942,0.7715,0.7399,3.16,7.183,6.803446694902959e-13,6686,0.787,0.7512,3.58,True,REPLICATED
over25,p_btts>=0.5 & p_over15>=0.65,11281,0.535,0.5047,3.03,6.436,1.230273660723924e-10,7324,0.5444,0.5163,2.8,True,REPLICATED
over25,p_over15>=0.65 & p_btts>=0.5,11281,0.535,0.5047,3.03,6.436,1.230273660723924e-10,7324,0.5444,0.5163,2.8,True,REPLICATED
btts,p_over15>=0.65 & p_btts>=0.5,11281,0.558,0.5287,2.94,6.247,4.1925418692301264e-10,7324,0.5672,0.5424,2.48,True,REPLICATED
btts,p_over25>=0.5 & p_over15>=0.6,8691,0.5578,0.5287,2.92,5.446,5.16160705288371e-08,5785,0.578,0.5424,3.56,True,REPLICATED
btts,p_over15>=0.6 & p_over25>=0.5,8691,0.5578,0.5287,2.92,5.446,5.16160705288371e-08,5785,0.578,0.5424,3.56,True,REPLICATED
btts,p_over15>=0.45 & p_over25>=0.5,8693,0.5578,0.5287,2.91,5.444,5.2157657304263694e-08,5789,0.5778,0.5424,3.54,True,REPLICATED
btts,p_over25>=0.5 & p_over15>=0.55,8693,0.5578,0.5287,2.91,5.444,5.2157657304263694e-08,5788,0.5779,0.5424,3.55,True,REPLICATED
btts,p_over25>=0.5 & p_over15>=0.5,8693,0.5578,0.5287,2.91,5.444,5.2157657304263694e-08,5789,0.5778,0.5424,3.54,True,REPLICATED
btts,p_over15>=0.5 & p_over25>=0.5,8693,0.5578,0.5287,2.91,5.444,5.2157657304263694e-08,5789,0.5778,0.5424,3.54,True,REPLICATED
btts,p_over15>=0.55 & p_over25>=0.5,8693,0.5578,0.5287,2.91,5.444,5.2157657304263694e-08,5788,0.5779,0.5424,3.55,True,REPLICATED
btts,p_over25>=0.5 & p_over15>=0.45,8693,0.5578,0.5287,2.91,5.444,5.2157657304263694e-08,5789,0.5778,0.5424,3.54,True,REPLICATED
btts,p_over15>=0.65 & p_over25>=0.5,8659,0.5577,0.5287,2.9,5.411,6.272156527487027e-08,5764,0.5788,0.5424,3.63,True,REPLICATED
btts,p_over25>=0.5 & p_over15>=0.65,8659,0.5577,0.5287,2.9,5.411,6.272156527487027e-08,5764,0.5788,0.5424,3.63,True,REPLICATED
btts,p_over15>=0.6 & p_btts>=0.5,11404,0.5573,0.5287,2.86,6.119,9.437797210409826e-10,7444,0.567,0.5424,2.46,True,REPLICATED
over35,p_btts>=0.45 & p_over25>=0.45,11328,0.3076,0.2792,2.83,6.724,1.7717827205387948e-11,7867,0.3235,0.2917,3.18,True,REPLICATED
over35,p_over25>=0.45 & p_btts>=0.45,11328,0.3076,0.2792,2.83,6.724,1.7717827205387948e-11,7867,0.3235,0.2917,3.18,True,REPLICATED
btts,p_over15>=0.45 & p_btts>=0.5,11424,0.5569,0.5287,2.82,6.046,1.4820185079145176e-09,7471,0.5667,0.5424,2.43,True,REPLICATED
btts,p_over15>=0.5 & p_btts>=0.5,11424,0.5569,0.5287,2.82,6.046,1.4820185079145176e-09,7470,0.5667,0.5424,2.42,True,REPLICATED
btts,p_over15>=0.55 & p_btts>=0.5,11421,0.5569,0.5287,2.82,6.039,1.5474397319081845e-09,7466,0.5666,0.5424,2.41,True,REPLICATED
over25,p_btts>=0.5 & p_over15>=0.6,11404,0.5328,0.5047,2.81,6.006,1.9012333929424585e-09,7444,0.5423,0.5163,2.6,True,REPLICATED
over25,p_over15>=0.6 & p_btts>=0.5,11404,0.5328,0.5047,2.81,6.006,1.9012333929424585e-09,7444,0.5423,0.5163,2.6,True,REPLICATED
over15,p_over25>=0.45 & p_over15>=0.65,11582,0.7678,0.7399,2.8,6.859,6.9331207441791776e-12,7993,0.7798,0.7512,2.86,True,REPLICATED
over25,p_btts>=0.5 & p_over15>=0.55,11421,0.5323,0.5047,2.76,5.897,3.6986826934537476e-09,7466,0.5421,0.5163,2.57,True,REPLICATED
over15,p_over25>=0.45 & p_btts>=0.45,11328,0.7675,0.7399,2.76,6.698,2.1079582523952922e-11,7867,0.7797,0.7512,2.85,True,REPLICATED
over15,p_btts>=0.45 & p_over25>=0.45,11328,0.7675,0.7399,2.76,6.698,2.1079582523952922e-11,7867,0.7797,0.7512,2.85,True,REPLICATED
over25,p_over15>=0.55 & p_btts>=0.5,11421,0.5323,0.5047,2.76,5.897,3.6986826934537476e-09,7466,0.5421,0.5163,2.57,True,REPLICATED
over25,p_over15>=0.45 & p_btts>=0.5,11424,0.5322,0.5047,2.75,5.887,3.9388459160960565e-09,7471,0.542,0.5163,2.56,True,REPLICATED
over25,p_over15>=0.5 & p_btts>=0.5,11424,0.5322,0.5047,2.75,5.887,3.9388459160960565e-09,7470,0.542,0.5163,2.57,True,REPLICATED
over25,p_btts>=0.5 & p_over15>=0.45,11424,0.5322,0.5047,2.75,5.887,3.9388459160960565e-09,7471,0.542,0.5163,2.56,True,REPLICATED
over25,p_btts>=0.5 & p_over15>=0.5,11424,0.5322,0.5047,2.75,5.887,3.9388459160960565e-09,7470,0.542,0.5163,2.57,True,REPLICATED
over35,p_over15>=0.65 & p_over25>=0.45,11582,0.3063,0.2792,2.71,6.506,7.707390281552762e-11,7993,0.3228,0.2917,3.11,True,REPLICATED
over35,p_over25>=0.45 & p_over15>=0.65,11582,0.3063,0.2792,2.71,6.506,7.707390281552762e-11,7993,0.3228,0.2917,3.11,True,REPLICATED
over15,p_over25>=0.45 & p_over15>=0.6,11684,0.7666,0.7399,2.67,6.587,4.481570670122892e-11,8090,0.7786,0.7512,2.74,True,REPLICATED
over15,p_over25>=0.45 & p_over15>=0.5,11693,0.7664,0.7399,2.66,6.55,5.7648774642871103e-11,8104,0.7783,0.7512,2.71,True,REPLICATED
over15,p_over25>=0.45 & p_over15>=0.45,11693,0.7664,0.7399,2.66,6.55,5.7648774642871103e-11,8104,0.7783,0.7512,2.71,True,REPLICATED
over15,p_over25>=0.45 & p_over15>=0.55,11691,0.7665,0.7399,2.66,6.56,5.366951327800962e-11,8103,0.7784,0.7512,2.72,True,REPLICATED
over35,p_over25>=0.45 & p_over15>=0.6,11684,0.3054,0.2792,2.62,6.303,2.921922703791324e-10,8090,0.3219,0.2917,3.02,True,REPLICATED
over35,p_over15>=0.6 & p_over25>=0.45,11684,0.3054,0.2792,2.62,6.303,2.921922703791324e-10,8090,0.3219,0.2917,3.02,True,REPLICATED
over35,p_over25>=0.45 & p_over15>=0.45,11693,0.3053,0.2792,2.61,6.29,3.1774094466641145e-10,8104,0.3219,0.2917,3.02,True,REPLICATED
over35,p_over25>=0.45 & p_over15>=0.55,11691,0.3053,0.2792,2.61,6.281,3.3575298097332507e-10,8103,0.322,0.2917,3.03,True,REPLICATED
over35,p_over25>=0.45 & p_over15>=0.5,11693,0.3053,0.2792,2.61,6.29,3.1774094466641145e-10,8104,0.3219,0.2917,3.02,True,REPLICATED
over35,p_over15>=0.55 & p_over25>=0.45,11691,0.3053,0.2792,2.61,6.281,3.3575298097332507e-10,8103,0.322,0.2917,3.03,True,REPLICATED
over35,p_over15>=0.5 & p_over25>=0.45,11693,0.3053,0.2792,2.61,6.29,3.1774094466641145e-10,8104,0.3219,0.2917,3.02,True,REPLICATED
over35,p_over15>=0.45 & p_over25>=0.45,11693,0.3053,0.2792,2.61,6.29,3.1774094466641145e-10,8104,0.3219,0.2917,3.02,True,REPLICATED
btts,p_over25>=0.45 & p_btts>=0.45,11328,0.5545,0.5287,2.58,5.503,3.743768939301617e-08,7867,0.5671,0.5424,2.46,True,REPLICATED
over15,p_btts>=0.5 & p_over15>=0.65,11281,0.7647,0.7399,2.49,6.021,1.7369385929555392e-09,7324,0.7783,0.7512,2.71,True,REPLICATED
over35,p_btts>=0.5 & p_over15>=0.65,11281,0.3038,0.2792,2.46,5.817,5.997341734342854e-09,7324,0.3187,0.2917,2.7,True,REPLICATED
over35,p_over15>=0.65 & p_btts>=0.5,11281,0.3038,0.2792,2.46,5.817,5.997341734342854e-09,7324,0.3187,0.2917,2.7,True,REPLICATED
over15,p_btts>=0.5 & p_over15>=0.6,11404,0.763,0.7399,2.31,5.625,1.8532894108247433e-08,7444,0.7769,0.7512,2.57,True,REPLICATED
over35,p_btts>=0.5 & p_over15>=0.6,11404,0.3019,0.2792,2.27,5.402,6.572594735132498e-08,7444,0.317,0.2917,2.53,True,REPLICATED
over15,p_btts>=0.5 & p_over15>=0.55,11421,0.7625,0.7399,2.27,5.523,3.326181463592093e-08,7466,0.7763,0.7512,2.51,True,REPLICATED
over35,p_over15>=0.6 & p_btts>=0.5,11404,0.3019,0.2792,2.27,5.402,6.572594735132498e-08,7444,0.317,0.2917,2.53,True,REPLICATED
over15,p_btts>=0.5 & p_over15>=0.45,11424,0.7625,0.7399,2.26,5.518,3.430165085305248e-08,7471,0.7763,0.7512,2.51,True,REPLICATED
over15,p_btts>=0.5 & p_over15>=0.5,11424,0.7625,0.7399,2.26,5.518,3.430165085305248e-08,7470,0.7763,0.7512,2.51,True,REPLICATED
over35,p_btts>=0.5 & p_over15>=0.5,11424,0.3016,0.2792,2.23,5.323,1.0207199974132664e-07,7470,0.3166,0.2917,2.49,True,REPLICATED
over35,p_over15>=0.5 & p_btts>=0.5,11424,0.3016,0.2792,2.23,5.323,1.0207199974132664e-07,7470,0.3166,0.2917,2.49,True,REPLICATED
over35,p_over15>=0.55 & p_btts>=0.5,11421,0.3015,0.2792,2.23,5.32,1.0359132396331461e-07,7466,0.3165,0.2917,2.48,True,REPLICATED
over35,p_over15>=0.45 & p_btts>=0.5,11424,0.3016,0.2792,2.23,5.323,1.0207199974132664e-07,7471,0.3166,0.2917,2.49,True,REPLICATED
over35,p_btts>=0.5 & p_over15>=0.45,11424,0.3016,0.2792,2.23,5.323,1.0207199974132664e-07,7471,0.3166,0.2917,2.49,True,REPLICATED
over35,p_btts>=0.5 & p_over15>=0.55,11421,0.3015,0.2792,2.23,5.32,1.0359132396331461e-07,7466,0.3165,0.2917,2.48,True,REPLICATED
btts,p_over25>=0.45 & p_over15>=0.65,11582,0.5499,0.5287,2.12,4.58,4.641171707397973e-06,7993,0.5646,0.5424,2.22,True,REPLICATED
btts,p_over15>=0.65 & p_over25>=0.45,11582,0.5499,0.5287,2.12,4.58,4.641171707397973e-06,7993,0.5646,0.5424,2.22,True,REPLICATED
btts,p_over15>=0.6 & p_over25>=0.45,11684,0.5495,0.5287,2.08,4.506,6.600753531094128e-06,8090,0.5639,0.5424,2.15,True,REPLICATED
btts,p_over25>=0.45 & p_over15>=0.6,11684,0.5495,0.5287,2.08,4.506,6.600753531094128e-06,8090,0.5639,0.5424,2.15,True,REPLICATED
btts,p_over15>=0.55 & p_over25>=0.45,11691,0.5494,0.5287,2.07,4.492,7.060973677530669e-06,8103,0.5637,0.5424,2.13,True,REPLICATED
btts,p_over15>=0.5 & p_over25>=0.45,11693,0.5494,0.5287,2.07,4.49,7.109083544509787e-06,8104,0.5637,0.5424,2.12,True,REPLICATED
btts,p_over25>=0.45 & p_over15>=0.5,11693,0.5494,0.5287,2.07,4.49,7.109083544509787e-06,8104,0.5637,0.5424,2.12,True,REPLICATED
btts,p_over25>=0.45 & p_over15>=0.45,11693,0.5494,0.5287,2.07,4.49,7.109083544509787e-06,8104,0.5637,0.5424,2.12,True,REPLICATED
btts,p_over25>=0.45 & p_over15>=0.55,11691,0.5494,0.5287,2.07,4.492,7.060973677530669e-06,8103,0.5637,0.5424,2.13,True,REPLICATED
btts,p_over15>=0.45 & p_over25>=0.45,11693,0.5494,0.5287,2.07,4.49,7.109083544509787e-06,8104,0.5637,0.5424,2.12,True,REPLICATED
over25,p_btts>=0.45 & p_over15>=0.65,13853,0.5234,0.5047,1.87,4.414,1.0167458755372394e-05,9207,0.5341,0.5163,1.77,True,REPLICATED
over25,p_over15>=0.65 & p_btts>=0.45,13853,0.5234,0.5047,1.87,4.414,1.0167458755372394e-05,9207,0.5341,0.5163,1.77,True,REPLICATED
btts,p_over15>=0.65 & p_btts>=0.45,13853,0.5444,0.5287,1.57,3.702,0.0002142434924592429,9207,0.5576,0.5424,1.52,True,REPLICATED
over15,p_btts>=0.45 & p_over15>=0.65,13853,0.7551,0.7399,1.53,4.098,4.169226417882754e-05,9207,0.7668,0.7512,1.56,True,REPLICATED
over25,p_btts>=0.45 & p_over15>=0.6,14192,0.5194,0.5047,1.47,3.503,0.00046026217718875273,9541,0.53,0.5163,1.37,True,REPLICATED
over25,p_over15>=0.6 & p_btts>=0.45,14192,0.5194,0.5047,1.47,3.503,0.00046026217718875273,9541,0.53,0.5163,1.37,True,REPLICATED
over25,p_btts>=0.45 & p_over15>=0.55,14253,0.5185,0.5047,1.38,3.298,0.0009739915884039441,9630,0.5281,0.5163,1.18,True,REPLICATED
over25,p_over15>=0.55 & p_btts>=0.45,14253,0.5185,0.5047,1.38,3.298,0.0009739915884039441,9630,0.5281,0.5163,1.18,True,REPLICATED
over35,p_btts>=0.45 & p_over15>=0.65,13853,0.2929,0.2792,1.37,3.599,0.0003197792976945557,9207,0.307,0.2917,1.53,True,REPLICATED
over25,p_btts>=0.45 & p_over15>=0.45,14263,0.5183,0.5047,1.37,3.262,0.0011043428411581235,9648,0.5274,0.5163,1.1,True,REPLICATED
over25,p_btts>=0.45 & p_over15>=0.5,14263,0.5183,0.5047,1.37,3.262,0.0011043428411581235,9644,0.5276,0.5163,1.12,True,REPLICATED
over35,p_over15>=0.65 & p_btts>=0.45,13853,0.2929,0.2792,1.37,3.599,0.0003197792976945557,9207,0.307,0.2917,1.53,True,REPLICATED
over25,p_over15>=0.45 & p_btts>=0.45,14263,0.5183,0.5047,1.37,3.262,0.0011043428411581235,9648,0.5274,0.5163,1.1,True,REPLICATED
over25,p_over15>=0.5 & p_btts>=0.45,14263,0.5183,0.5047,1.37,3.262,0.0011043428411581235,9644,0.5276,0.5163,1.12,True,REPLICATED
btts,p_over15>=0.6 & p_btts>=0.45,14192,0.5423,0.5287,1.36,3.25,0.0011543971108842754,9541,0.5542,0.5424,1.18,True,REPLICATED
btts,p_over15>=0.55 & p_btts>=0.45,14253,0.5413,0.5287,1.26,3.021,0.0025223488391237225,9630,0.5532,0.5424,1.07,True,REPLICATED
btts,p_over15>=0.5 & p_btts>=0.45,14263,0.5412,0.5287,1.25,2.998,0.002717515712295615,9644,0.5531,0.5424,1.07,True,REPLICATED
btts,p_over15>=0.45 & p_btts>=0.45,14263,0.5412,0.5287,1.25,2.998,0.002717515712295615,9648,0.5531,0.5424,1.06,True,REPLICATED
over15,p_btts>=0.45 & p_over15>=0.6,14192,0.752,0.7399,1.21,3.287,0.0010132262425917027,9541,0.7626,0.7512,1.14,True,REPLICATED
over15,p_btts>=0.45 & p_over15>=0.55,14253,0.7514,0.7399,1.16,3.144,0.0016687423241181776,9630,0.7609,0.7512,0.97,True,REPLICATED
over15,p_btts>=0.45 & p_over15>=0.5,14263,0.7512,0.7399,1.13,3.078,0.0020864293072082596,9644,0.7605,0.7512,0.93,True,REPLICATED
over15,p_btts>=0.45 & p_over15>=0.45,14263,0.7512,0.7399,1.13,3.078,0.0020864293072082596,9648,0.7604,0.7512,0.92,True,REPLICATED
over35,p_over15>=0.6 & p_btts>=0.45,14192,0.2898,0.2792,1.06,2.813,0.004900540423064426,9541,0.3035,0.2917,1.18,True,REPLICATED
over35,p_btts>=0.45 & p_over15>=0.6,14192,0.2898,0.2792,1.06,2.813,0.004900540423064426,9541,0.3035,0.2917,1.18,True,REPLICATED
over35,p_btts>=0.45 & p_over15>=0.55,14253,0.2892,0.2792,1.0,2.658,0.007872222512350868,9630,0.302,0.2917,1.03,True,REPLICATED
over35,p_btts>=0.45 & p_over15>=0.5,14263,0.2892,0.2792,1.0,2.66,0.007803653802211263,9644,0.3017,0.2917,1.0,True,REPLICATED
over35,p_btts>=0.45 & p_over15>=0.45,14263,0.2892,0.2792,1.0,2.66,0.007803653802211263,9648,0.3016,0.2917,0.99,True,REPLICATED
over35,p_over15>=0.55 & p_btts>=0.45,14253,0.2892,0.2792,1.0,2.658,0.007872222512350868,9630,0.302,0.2917,1.03,True,REPLICATED
over35,p_over15>=0.5 & p_btts>=0.45,14263,0.2892,0.2792,1.0,2.66,0.007803653802211263,9644,0.3017,0.2917,1.0,True,REPLICATED
over35,p_over15>=0.45 & p_btts>=0.45,14263,0.2892,0.2792,1.0,2.66,0.007803653802211263,9648,0.3016,0.2917,0.99,True,REPLICATED
