league,model_type,rows,first,last,seasons,teams,cov_goals,cov_shots,cov_sot,cov_corners,cov_fouls,cov_ht_goals,cov_cards,cov_xg,cov_inbox,cov_odds_ou25,cov_odds_btts,cov_odds_ou15,cov_odds_ou35,rate_btts,rate_over15,rate_over25,rate_over35,avg_goals
USA MLS,new_format,4668,2019-03-02,2026-09-21,9,36,1.0,0.4707,0.4707,0.4704,0.4707,0.0825,0.6382,0.0109,0.0146,0.0593,0.0581,0.0015,0.0349,0.5973,0.7935,0.585,0.3445,2.985
Argentina Primera Division,new_format,4444,2019-07-27,2026-09-22,8,47,1.0,0.3938,0.3938,0.3936,0.3938,0.0617,0.5729,0.007,0.011,0.0812,0.086,0.0743,0.0029,0.4408,0.6402,0.3724,0.1784,2.177
Brazil Serie A,new_format,3813,2019-04-27,2026-09-20,9,40,1.0,0.5285,0.5285,0.5274,0.5277,0.0692,0.6541,0.005,0.0087,0.1065,0.1054,0.0155,0.0055,0.5046,0.7113,0.4511,0.2127,2.447
Mexico Liga MX,new_format,3293,2019-07-20,2026-09-21,8,31,1.0,0.4595,0.4595,0.4592,0.4595,0.0544,0.5973,0.0043,0.0085,0.0574,0.0571,0.0009,0.0152,0.5533,0.7595,0.5162,0.2867,2.714
Japan J-League,new_format,3119,2019-02-22,2026-09-20,9,44,1.0,0.5329,0.5329,0.5329,0.5329,0.0683,0.6008,0.0,0.0,0.0446,0.0446,0.0038,0.0029,0.5079,0.7201,0.4787,0.2591,2.598
Sweden Allsvenskan,new_format,2957,2019-03-31,2026-09-20,9,49,1.0,0.6141,0.6141,0.6141,0.6141,0.1153,0.6121,0.003,0.0054,0.0751,0.0754,0.0007,0.0193,0.5262,0.7768,0.5313,0.2979,2.799
China Super League,new_format,2729,2019-03-01,2026-09-18,9,52,1.0,0.5416,0.5416,0.5412,0.5416,0.0839,0.5464,0.0037,0.0066,0.0879,0.0883,0.0004,0.0524,0.5625,0.7845,0.5665,0.3386,2.944
Norway Eliteserien,new_format,2273,2019-03-30,2026-09-20,9,32,1.0,0.5007,0.5002,0.5002,0.5007,0.0607,0.7695,0.0013,0.0101,0.1157,0.1122,0.0088,0.0678,0.5825,0.8121,0.6027,0.3753,3.076
Romanian Superliga,new_format,2232,2019-07-12,2026-09-04,8,32,1.0,0.9373,0.9337,0.9373,0.9386,0.2469,0.9306,0.0049,0.0076,0.0,0.0,0.0,0.0,0.4843,0.6859,0.4328,0.2361,2.425
Austrian Bundesliga,new_format,2148,2019-07-26,2026-09-20,8,27,1.0,0.5293,0.5293,0.5293,0.5293,0.1061,0.5507,0.0047,0.0065,0.0894,0.0894,0.0037,0.0065,0.5521,0.7933,0.5456,0.3222,2.863
Saudi Pro League,new_format,1920,2019-08-22,2026-09-04,8,29,1.0,0.988,0.988,0.987,0.988,0.2589,0.9719,0.0146,0.0172,0.0,0.0,0.0,0.0,0.562,0.7828,0.5573,0.3349,2.903
Ireland Premier Division,new_format,1795,2019-02-15,2026-09-19,9,20,1.0,0.1655,0.1655,0.1655,0.1655,0.0864,0.3097,0.005,0.0084,0.1075,0.1058,0.01,0.0106,0.4852,0.7114,0.4579,0.2401,2.485
League One,standard,1778,2023-08-05,2026-09-19,4,49,1.0,1.0,1.0,0.0467,0.0467,0.0467,0.0,0.0,0.0,0.0467,0.0,0.0,0.0,0.5242,0.7351,0.5079,0.2621,2.626
League Two,standard,1772,2023-08-05,2026-09-19,4,45,1.0,1.0,1.0,0.0474,0.0474,0.0474,0.0,0.0,0.0,0.0474,0.0,0.0,0.0,0.5322,0.7427,0.4972,0.2793,2.676
Championship,standard,1770,2023-08-04,2026-09-20,4,38,1.0,1.0,1.0,0.0537,0.0537,0.0537,0.0,0.0,0.0,0.0537,0.0,0.0,0.0,0.5373,0.7412,0.4989,0.2565,2.591
National League,standard,1764,2023-08-05,2026-09-19,4,39,1.0,0.0612,0.0612,0.0612,0.0612,1.0,0.0,0.0,0.0,1.0,0.0,0.0,0.0,0.5709,0.7863,0.5454,0.3141,2.862
Denmark Superliga,new_format,1752,2019-07-12,2026-09-20,8,22,1.0,0.4195,0.4195,0.4195,0.4195,0.0588,0.6689,0.0,0.0,0.1182,0.1147,0.0068,0.0565,0.5879,0.7997,0.5576,0.3339,2.889
Finland Veikkausliiga,new_format,1596,2019-04-03,2026-09-19,9,25,1.0,0.2112,0.2105,0.2112,0.2112,0.0633,0.3515,0.0,0.0056,0.1216,0.119,0.0069,0.0608,0.5376,0.7644,0.537,0.3039,2.778
La Liga 2,standard,1485,2023-08-11,2026-09-20,4,44,1.0,1.0,1.0,0.0444,0.0444,0.0444,0.0,0.0,0.0,0.0444,0.0,0.0,0.0,0.503,0.6875,0.4519,0.2498,2.465
K-League 1,new_format,1472,2020-05-08,2026-08-30,8,21,1.0,0.7412,0.7412,0.7412,0.7364,0.2704,0.7147,0.0,0.0007,0.0,0.0,0.0,0.0,0.534,0.7086,0.4694,0.2588,2.54
Serie B,standard,1222,2023-08-18,2026-09-20,4,39,1.0,1.0,1.0,0.0409,0.0409,0.0409,0.0,0.0,0.0,0.0409,0.0,0.0,0.0,0.5475,0.7324,0.4787,0.2463,2.515
Turkish Super Lig,standard,1082,2023-08-11,2026-09-20,4,28,1.0,0.9982,0.9982,0.9982,0.9982,0.9982,0.0,0.0,0.0,1.0,0.0,0.0,0.0,0.549,0.7699,0.5323,0.3087,2.809
Ligue 2,standard,1053,2023-08-05,2026-09-19,4,33,1.0,1.0,1.0,1.0,1.0,1.0,0.0,0.0,0.0,1.0,0.0,0.0,0.0,0.5005,0.6904,0.4739,0.2631,2.524
Bundesliga 2,standard,1005,2023-07-28,2026-09-20,4,56,1.0,1.0,1.0,0.0537,0.0537,0.0537,0.0,0.0,0.0,0.0537,0.0,0.0,0.0,0.596,0.804,0.597,0.3552,3.046
Belgian First Division A,standard,998,2023-07-28,2026-09-20,4,22,1.0,0.999,0.999,0.999,0.999,0.999,0.0,0.0,0.0,1.0,0.0,0.0,0.0,0.5321,0.7625,0.5251,0.3026,2.762
Dutch Eredivisie,standard,981,2023-08-11,2026-09-20,4,24,1.0,1.0,1.0,1.0,1.0,1.0,0.0,0.0,0.0,1.0,0.0,0.0,0.0,0.5902,0.8471,0.6126,0.4016,3.178
Portuguese Primeira Liga,standard,980,2023-08-11,2026-09-20,4,25,1.0,1.0,1.0,1.0,1.0,1.0,0.0,0.0,0.0,1.0,0.0,0.0,0.0,0.501,0.7459,0.5286,0.3051,2.708
Greek Super League,standard,753,2023-08-18,2026-09-20,4,25,1.0,1.0,1.0,0.0465,0.0465,0.0465,0.0,0.0,0.0,0.0465,0.0,0.0,0.0,0.502,0.7703,0.5153,0.2669,2.657
Scottish Premiership,standard,726,2023-08-05,2026-09-20,4,14,1.0,1.0,1.0,1.0,1.0,1.0,0.0,0.0,0.0,1.0,0.0,0.0,0.0,0.5193,0.7782,0.5551,0.3154,2.817
Scottish Championship,standard,575,2023-08-04,2026-09-19,4,16,1.0,1.0,1.0,1.0,1.0,1.0,0.0,0.0,0.0,1.0,0.0,0.0,0.0,0.4783,0.727,0.48,0.247,2.541
