label,n,base_rate,rock_accuracy,model_accuracy,lift_pp,balanced_accuracy,precision,recall,f1,threshold,log_loss,brier,auc,pr_auc,ece,rock_log_loss,rock_brier,calc_version,log_loss_gain,brier_gain,threshold_bal,accuracy_at_p50,tp,fp,fn,tn,league,interpretable,target,scope
Greek Super League,559,0.49731663685152055,0.5026833631484795,0.5420393559928444,3.935599284436486,0.5305243349804143,0.5404040404040404,0.38489208633093525,0.4495798319327731,0.4952415026833633,0.6859985774015205,0.24642693559681067,0.5780741954479122,0.5623812318889027,0.031219105630705343,0.6931327796152428,0.24999279956221346,1.0.0,0.007134202213722296,0.003565863965402788,0.541037567084079,0.5474060822898033,107,91,171,190,Greek Super League,True,btts,global_model
Ligue 2,767,0.49674054758800523,0.5032594524119948,0.5319426336375489,2.8683181225554133,0.5133069506208097,0.5243243243243243,0.2545931758530184,0.34275618374558303,0.49530638852672765,0.6872128638949206,0.2470668656325756,0.5559952674309494,0.5663365023568966,0.022372854098995844,0.6931259323493971,0.24998937596997392,1.0.0,0.005913068454476478,0.0029225103373983208,0.5423728813559325,0.5319426336375489,97,88,284,298,Ligue 2,True,btts,global_model
Japan J-League,1024,0.5,0.5,0.52734375,2.734375,0.5107421875,0.5139949109414759,0.39453125,0.44640883977900553,0.4973535156250001,0.6893588322869189,0.2483273923755904,0.5366401672363281,0.5625982572588945,0.04436158621940835,0.6931471805599453,0.25,1.0.0,0.0037883482730264317,0.0016726076244096,0.5467871093750003,0.5185546875,202,191,310,321,Japan J-League,True,btts,global_model
Brazil Serie A,1109,0.5184851217312895,0.5184851217312895,0.545536519386835,2.705139765554554,0.5460364761439505,0.5969230769230769,0.3373913043478261,0.4311111111111111,0.4951127141568982,0.6774277593090118,0.24255039888680507,0.5817847256147207,0.6086712525134907,0.016853678600413282,0.6924636253456598,0.2496583002745794,1.0.0,0.015035866036647971,0.0071079013877743125,0.5372407574391346,0.5554553651938684,194,131,381,403,Brazil Serie A,True,btts,global_model
Scottish Premiership,550,0.5309090909090909,0.5309090909090909,0.5527272727272727,2.1818181818181848,0.5300520335563342,0.5569620253164557,0.6027397260273972,0.5789473684210525,0.49474545454545477,0.684347136624206,0.24567198172838242,0.558829775937135,0.6044443074972078,0.0336859112726926,0.6912352179135791,0.24904462809917355,1.0.0,0.006888081289373127,0.003372646370791127,0.5402727272727275,0.56,176,140,116,118,Scottish Premiership,True,btts,global_model
Norway Eliteserien,687,0.5502183406113537,0.5502183406113537,0.5705967976710334,2.0378457059679778,0.5442672214516875,0.5838926174496645,0.6904761904761905,0.6327272727272727,0.5003930131004368,0.6693001379065225,0.2387784752775515,0.5893563466379,0.6651700900555804,0.03097167808484104,0.6880949028400969,0.24747811826624208,1.0.0,0.01879476493357435,0.008699642988690581,0.5427219796215431,0.5735080058224163,261,186,117,123,Norway Eliteserien,True,btts,global_model
Sweden Allsvenskan,954,0.5345911949685535,0.5345911949685535,0.5534591194968553,1.8867924528301883,0.5504504504504504,0.5862068965517241,0.5333333333333333,0.5585215605749487,0.5024213836477989,0.6750361968822836,0.24154636636190352,0.5644762409468291,0.6216480073273739,0.02469136034032462,0.6907521663788135,0.24880344923064757,1.0.0,0.01571596949652998,0.007257082868744047,0.5447064989517824,0.5534591194968553,272,192,238,252,Sweden Allsvenskan,True,btts,global_model
Championship,1337,0.5205684367988033,0.5205684367988033,0.5385190725504861,1.7950635751682875,0.52554265963742,0.5620437956204379,0.33189655172413796,0.4173441734417344,0.49572924457741224,0.6896678385815719,0.24826297263708952,0.5429039575376119,0.5555446788519647,0.009531605558943676,0.6923008205732181,0.24957693940765366,1.0.0,0.0026329819916461883,0.00131396677056414,0.5399027673896787,0.5355272999252056,231,180,465,461,Championship,True,btts,global_model
Argentina Primera Division,1549,0.41510652033570045,0.5848934796642995,0.6003873466752744,1.5493867010974882,0.535467713086079,0.6491228070175439,0.1150855365474339,0.1955085865257596,0.49664945125887683,0.667770993072537,0.23775430921578194,0.574604588727646,0.5083027349010942,0.051209573806298786,0.6786633110690776,0.2427930971104872,1.0.0,0.010892317996540668,0.005038787894705243,0.5394770819883798,0.5868302130406714,74,40,569,866,Argentina Primera Division,True,btts,global_model
Ireland Premier Division,608,0.49506578947368424,0.5049342105263157,0.5180921052631579,1.3157894736842146,0.5382654993669311,0.5859375,0.24916943521594684,0.3496503496503497,0.5021875000000001,0.683535003698407,0.24550800021474534,0.5572413345309338,0.5752558902422453,0.018503724715459177,0.6930984869025467,0.24997565356648194,1.0.0,0.009563483204139689,0.0044676533517366,0.5473190789473688,0.5460526315789473,75,53,226,254,Ireland Premier Division,True,btts,global_model
Austrian Bundesliga,707,0.5445544554455446,0.5445544554455446,0.5572842998585573,1.2729844413012725,0.5672219085262563,0.6149253731343284,0.535064935064935,0.5722222222222223,0.49884016973125894,0.6748131905211129,0.24123348675352385,0.5778252803097523,0.6220539530795528,0.031222392893407416,0.6891717106404252,0.24801490049995092,1.0.0,0.014358520119312268,0.006781413746427073,0.546676096181047,0.5785007072135785,206,129,179,193,Austrian Bundesliga,True,btts,global_model
USA MLS,1433,0.6071179344033496,0.6071179344033496,0.619678995115143,1.2561060711793415,0.5308129682938283,0.6255468066491688,0.8218390804597702,0.7103825136612022,0.49769713886950473,0.6557029121771397,0.2320201278279165,0.5716686061942385,0.6908548678404058,0.035088197997916265,0.6700198278442547,0.23852574812915972,1.0.0,0.014316915667115016,0.0065056203012432146,0.5470760642009773,0.6238660153524075,715,428,155,135,USA MLS,True,btts,global_model
Mexico Liga MX,1105,0.5619909502262443,0.5619909502262443,0.5728506787330316,1.0859728506787292,0.5555023223007413,0.610223642172524,0.6151368760064412,0.6126704089815557,0.4990769230769231,0.6612704438303398,0.23495498814965873,0.6060373165116248,0.6849553067424595,0.028787622357190186,0.6854416123848485,0.2461571220900472,1.0.0,0.024171168554508626,0.011202133940388465,0.5449411764705885,0.5755656108597285,382,244,239,240,Mexico Liga MX,True,btts,global_model
China Super League,731,0.5800273597811217,0.5800273597811217,0.5882352941176471,0.8207934336525335,0.5541569356523877,0.621505376344086,0.6816037735849056,0.6501687289088864,0.49540355677154596,0.6631201833237067,0.23549119264894172,0.5954228381783542,0.681381824729488,0.02439779199865606,0.6802831676463316,0.2435956216864629,1.0.0,0.017162984322624864,0.008104429037521177,0.5468673050615598,0.600547195622435,289,176,135,131,China Super League,True,btts,global_model
Denmark Superliga,526,0.6311787072243346,0.6311787072243346,0.6368821292775665,0.5703422053231932,0.5135076388026332,0.64,0.7228915662650602,0.6789250353606789,0.4990304182509507,0.6534167061801255,0.23072839470262235,0.5575860141597317,0.7033168726552864,0.06728750248333339,0.6583253714096493,0.23279214677095228,1.0.0,0.004908665229523823,0.002063752068329927,0.5446958174904944,0.6520912547528517,240,135,92,59,Denmark Superliga,True,btts,global_model
Saudi Pro League,711,0.5710267229254571,0.5710267229254571,0.5752461322081576,0.42194092827004814,0.5431317128321085,0.6072289156626506,0.6206896551724138,0.6138855054811206,0.49784810126582296,0.677011912804418,0.24199245992559046,0.5814342243398207,0.6279780913668204,0.016396840648528536,0.6830233796435164,0.24495520463047038,1.0.0,0.006011466839098478,0.0029627447048799216,0.5406329113924053,0.5710267229254571,252,163,154,142,Saudi Pro League,True,btts,global_model
Scottish Championship,438,0.4748858447488584,0.5251141552511416,0.5273972602739726,0.22831050228310223,0.5026755852842809,0.4819277108433735,0.19230769230769232,0.27491408934707906,0.49570776255707777,0.6916566573335617,0.2492402054018932,0.5438336120401338,0.5168487957833725,0.031113965412022715,0.6918852080243705,0.2493692792060216,1.0.0,0.00022855069080873758,0.00012907380412838232,0.541232876712329,0.547945205479452,40,43,168,187,Scottish Championship,True,btts,global_model
League Two,1328,0.5218373493975904,0.5218373493975904,0.5225903614457831,0.07530120481926694,0.4990751156105486,0.5205761316872428,0.36507936507936506,0.4291772688719253,0.497515060240964,0.690022823319118,0.24845949412897692,0.5340764222653986,0.5651970274329645,0.013893834548027301,0.692193137464495,0.24952313017128755,1.0.0,0.0021703141453769392,0.001063636042310634,0.5411897590361449,0.5286144578313253,253,233,440,402,League Two,True,btts,global_model
Turkish Super Lig,818,0.5611246943765281,0.5611246943765281,0.5537897310513448,-0.7334963325183352,0.5053646961724956,0.5666666666666667,0.48148148148148145,0.5206124852767963,0.4960268948655258,0.6875674042208889,0.24720552646992763,0.5147013308573197,0.5735361711166466,0.020416833905150863,0.6856559993349203,0.246263771737376,1.0.0,-0.0019114048859686372,-0.0009417547325516196,0.5436308068459661,0.5501222493887531,221,169,238,190,Turkish Super Lig,True,btts,global_model
Bundesliga 2,713,0.5890603085553997,0.5890603085553997,0.5792426367461431,-0.9817671809256634,0.49746871444823665,0.5875,0.7833333333333333,0.6714285714285714,0.49765778401122035,0.6774950302229844,0.24225194322982088,0.5133755891435072,0.6193854214109908,0.030037860558918262,0.6771987371344718,0.242068261440017,1.0.0,-0.0002962930885126447,-0.00018368178980388006,0.54124824684432,0.5876577840112202,329,231,91,62,Bundesliga 2,True,btts,global_model
League One,1337,0.5265519820493643,0.5265519820493643,0.5160807778608826,-1.0471204188481686,0.5156766120924888,0.5590062111801242,0.2556818181818182,0.3508771929824561,0.49724756918474206,0.6911553819182442,0.2489925954589774,0.5393845145770502,0.5557030164171984,0.020578073216238238,0.6917365015951926,0.24929499224925025,1.0.0,0.000581119676948405,0.0003023967902728575,0.5414809274495141,0.5355272999252056,180,142,524,491,League One,True,btts,global_model
Portuguese Primeira Liga,737,0.4925373134328358,0.5074626865671642,0.4925373134328358,-1.4925373134328401,0.4837141468157511,0.4626865671641791,0.256198347107438,0.3297872340425531,0.49647218453188613,0.6967622184310235,0.25180987551600226,0.4971788865809284,0.51208839020889,0.05740407156728071,0.693035793042558,0.24994430830920025,1.0.0,-0.0037264253884654597,-0.0018655672068020046,0.5421981004070558,0.48032564450474896,93,108,270,266,Portuguese Primeira Liga,True,btts,global_model
Dutch Eredivisie,731,0.585499316005472,0.585499316005472,0.5677154582763337,-1.7783857729138264,0.52123623577311,0.5989304812834224,0.7850467289719626,0.679474216380182,0.4966484268125857,0.674718577707407,0.24089548619564208,0.5530134789179852,0.631885230113996,0.010030405312676741,0.6784548170981398,0.24268986696259645,1.0.0,0.003736239390732865,0.0017943807669543732,0.5408618331053353,0.5786593707250342,336,225,92,78,Dutch Eredivisie,True,btts,global_model
La Liga 2,1067,0.5098406747891284,0.5098406747891284,0.4901593252108716,-1.9681349578256846,0.5268248790912158,0.5739910313901345,0.23529411764705882,0.33376792698826596,0.4965135895032804,0.6922551861131295,0.2495363309422317,0.5342973231357553,0.5533478554799034,0.013212286831199968,0.6929534902937051,0.2499031611196946,1.0.0,0.000698304180575593,0.00036683017746289015,0.5411996251171511,0.5238987816307404,128,95,416,428,La Liga 2,True,btts,global_model
Romanian Superliga,743,0.506056527590848,0.506056527590848,0.4858681022880215,-2.018842530282644,0.4989166038610934,0.5033557046979866,0.19946808510638298,0.2857142857142857,0.4987617765814268,0.6975478801768343,0.25217994115122044,0.4922241869093861,0.5045768225170976,0.06390321089197748,0.6930738157128769,0.24996331847354122,1.0.0,-0.004474064463957483,-0.0022166226776792197,0.5423418573351282,0.47106325706594887,75,74,301,293,Romanian Superliga,True,btts,global_model
Belgian First Division A,728,0.5343406593406593,0.5343406593406593,0.5082417582417582,-2.6098901098901117,0.5077462065200081,0.5404814004376368,0.6349614395886889,0.5839243498817966,0.4974450549450551,0.6919384181385112,0.24937004964682036,0.5329981572900789,0.5652022984775226,0.04513404049373336,0.6907867610132408,0.24882071911604878,1.0.0,-0.0011516571252704333,-0.0005493305307715801,0.5421703296703299,0.5151098901098901,247,210,142,129,Belgian First Division A,True,btts,global_model
National League,1291,0.5608055770720372,0.5608055770720372,0.5298218435321457,-3.098373353989148,0.4987101347598585,0.5597402597402598,0.5953038674033149,0.5769745649263721,0.4971959721146399,0.6900645444370961,0.24842751124666257,0.4885897473374453,0.5472287982742107,0.020087148188214513,0.6857342085841375,0.24630268179693657,1.0.0,-0.004330335852958611,-0.002124829449726001,0.5396127033307516,0.5538342370255616,431,339,293,228,National League,True,btts,global_model
K-League 1,483,0.5548654244306418,0.5548654244306418,0.5238095238095238,-3.105590062111796,0.49599965289829917,0.5506607929515418,0.4664179104477612,0.5050505050505051,0.5018633540372672,0.6892318237387743,0.24809040630268886,0.5036792780284624,0.5841029244047089,0.035365772522961775,0.6871146105379617,0.24698978520204554,1.0.0,-0.0021172132008125955,-0.001100621100643323,0.5453416149068325,0.5196687370600414,125,102,143,113,K-League 1,True,btts,global_model
Finland Veikkausliiga,481,0.6091476091476091,0.6091476091476091,0.5717255717255717,-3.7422037422037424,0.5618237600755209,0.672645739910314,0.5119453924914675,0.5813953488372093,0.5043035343035345,0.6566527345948842,0.232717491215032,0.5903529155471643,0.7158357773276142,0.06068212298643825,0.6691278450454055,0.23808679941736077,1.0.0,0.012475110450521298,0.005369308202328782,0.5461746361746364,0.6008316008316008,150,73,143,115,Finland Veikkausliiga,True,btts,global_model
Serie B,933,0.5509110396570204,0.5509110396570204,0.5026795284030011,-4.8231511254019255,0.4815987667505549,0.5246913580246914,0.33073929961089493,0.4057279236276849,0.49527331189710627,0.6972545549660686,0.2520270174120377,0.4756600391891013,0.5376014767190648,0.043809570089445526,0.6879543177912553,0.24740806604104126,1.0.0,-0.00930023717481332,-0.004618951370996438,0.5400535905680602,0.5112540192926045,170,154,344,265,Serie B,True,btts,global_model
Argentina Primera Division,1549,0.6132989025177534,0.6132989025177534,0.6249193027759845,1.1620400258231078,0.5516097003778226,0.7166212534059946,0.2768421052631579,0.39939255884586183,0.4689928986442868,0.6561458100230713,0.23202138829337776,0.5920955979263685,0.6931794430807484,0.0376850488372187,0.6672495514330007,0.23716335868827262,1.0.0,0.011103741409929424,0.0051419703948948625,0.7000000000000004,0.6171723692704971,263,104,687,495,Argentina Primera Division,True,over15,global_model
Finland Veikkausliiga,481,0.814968814968815,0.814968814968815,0.817047817047817,0.20790020790020236,0.4951702591148819,0.8134490238611713,0.9566326530612245,0.8792497069167644,0.47854469854469867,0.4741134913932039,0.14986654686507989,0.5752980967667966,0.8672939081421006,0.031375502970772566,0.4789373779976079,0.1507946455971404,1.0.0,0.004823886604403971,0.0009280987320605116,0.7000000000000004,0.817047817047817,375,86,17,3,Finland Veikkausliiga,True,over15,global_model
Norway Eliteserien,687,0.7889374090247453,0.7889374090247453,0.7903930131004366,0.14556040756913413,0.5119035500699834,0.7930513595166163,0.9686346863468634,0.8720930232558138,0.4751382823871908,0.5083987486969785,0.16404042450372053,0.5759384145565594,0.832020878105274,0.015813954152096632,0.5153611256557241,0.16651517366606705,1.0.0,0.006962376958745575,0.0024747491623465234,0.7000000000000003,0.7903930131004366,525,137,17,8,Norway Eliteserien,True,over15,global_model
Sweden Allsvenskan,954,0.7777777777777778,0.7777777777777778,0.7788259958071279,0.10482180293500676,0.52088948787062,0.7853982300884956,0.9568733153638814,0.8626974483596598,0.47724318658280934,0.5198892504089233,0.16942528454981443,0.5941298377663632,0.8318670322096792,0.008196534007773634,0.5297061990576545,0.17283950617283952,1.0.0,0.009816948648731172,0.003414221623025099,0.7000000000000004,0.7788259958071279,710,194,32,18,Sweden Allsvenskan,True,over15,global_model
La Liga 2,1067,0.6747891283973758,0.6747891283973758,0.6757263355201499,0.09372071227741197,0.5334834293948127,0.6960651289009498,0.7125,0.7041866849691147,0.46034676663542656,0.6305279055267599,0.2193230010058362,0.5615193723983349,0.7264232908996925,0.04723192877761241,0.6307350504687329,0.21944876059408566,1.0.0,0.00020714494197304756,0.00012575958824945221,0.7000000000000004,0.6747891283973758,513,224,207,123,La Liga 2,True,over15,global_model
Mexico Liga MX,1105,0.7746606334841629,0.7746606334841629,0.7755656108597285,0.09049773755656076,0.5424267162106369,0.7908820614469773,0.9322429906542056,0.8557640750670241,0.4633574660633485,0.5181490483868855,0.16904968999897238,0.618717862102616,0.8441740728825108,0.01732270932195445,0.5335832264432165,0.17456153641407834,1.0.0,0.015434178056331072,0.005511846415105964,0.7000000000000004,0.7746606334841629,798,211,58,38,Mexico Liga MX,True,over15,global_model
Greek Super League,559,0.7602862254025045,0.7602862254025045,0.7602862254025045,0.0,0.5285776997366111,0.7724425887265136,0.8705882352941177,0.8185840707964602,0.45567084078712,0.5482362069784055,0.1813133272842112,0.5505355575065847,0.7940299034010514,0.015137674290193243,0.5507497772940986,0.18225108086571665,1.0.0,0.0025135703156931033,0.0009377535815054405,0.7000000000000003,0.7602862254025045,370,109,55,25,Greek Super League,True,over15,global_model
China Super League,731,0.7906976744186046,0.7906976744186046,0.7906976744186046,0.0,0.5000961168781238,0.7907303370786517,0.9740484429065744,0.8728682170542637,0.4497400820793435,0.49777070787466765,0.16139371510011433,0.6304701811520456,0.8791660038296032,0.027449575542215193,0.5130308358569238,0.1654948620876149,1.0.0,0.015260127982256122,0.004101146987500581,0.7000000000000004,0.7906976744186046,563,149,15,4,China Super League,True,over15,global_model
Denmark Superliga,526,0.8231939163498099,0.8231939163498099,0.8231939163498099,0.0,0.5222627827857658,0.8297872340425532,0.9907621247113164,0.9031578947368422,0.4636311787072245,0.45625363339228725,0.142192639390195,0.6129032258064516,0.8744689950510579,0.028006783100063475,0.4665156821515295,0.14554569243447207,1.0.0,0.010262048759242248,0.0033530530442770767,0.7000000000000005,0.8231939163498099,429,88,4,5,Denmark Superliga,True,over15,global_model
Dutch Eredivisie,731,0.8344733242134063,0.8344733242134063,0.8344733242134063,0.0,0.4959016393442623,0.8333333333333334,0.9918032786885246,0.905688622754491,0.46112175102599184,0.44036718438096756,0.13596809282715178,0.5973851781601409,0.8798811015679181,0.01738951404019224,0.44872177727468504,0.13812759538963362,1.0.0,0.008354592893717483,0.0021595025624818465,0.7000000000000004,0.8344733242134063,605,121,5,0,Dutch Eredivisie,True,over15,global_model
Belgian First Division A,728,0.7513736263736264,0.7513736263736264,0.7513736263736264,0.0,0.5102164493419656,0.7553041018387553,0.9762340036563071,0.8516746411483253,0.4617307692307694,0.5556511411909079,0.18509554486145485,0.5830698839475996,0.8115513388594383,0.03515534792533448,0.5608210240429247,0.18681129996377244,1.0.0,0.005169882852016805,0.0017157551023175843,0.7000000000000003,0.7513736263736264,534,173,13,8,Belgian First Division A,True,over15,global_model
Bundesliga 2,713,0.8008415147265077,0.8008415147265077,0.8008415147265077,0.0,0.4947645593349942,0.7991452991452992,0.9824868651488616,0.8813825608798115,0.4637868162692848,0.5013326730455558,0.16016086729032122,0.5288535063269283,0.810026737129464,0.018376582268351493,0.49923362112543074,0.15949438301706045,1.0.0,-0.0020990519201251057,-0.0006664842732607701,0.7000000000000003,0.8008415147265077,561,141,10,1,Bundesliga 2,True,over15,global_model
Championship,1337,0.7314884068810771,0.7314884068810771,0.7314884068810771,0.0,0.5276643254666735,0.744916820702403,0.8241308793456033,0.7825242718446602,0.4607030665669411,0.5823172372294497,0.1965851286173982,0.5213470729303735,0.7507323338483108,0.006132789174951651,0.5817728106387094,0.19641311747966092,1.0.0,-0.0005444265907402768,-0.00017201113773729348,0.7000000000000003,0.7314884068810771,806,276,172,83,Championship,True,over15,global_model
Austrian Bundesliga,707,0.7595473833097596,0.7595473833097596,0.7595473833097596,0.0,0.5075090371344069,0.762481089258699,0.9385474860335196,0.8414023372287145,0.4591513437057993,0.5497262865722695,0.18196330912168082,0.5470150071201665,0.7890965360427502,0.016230840380773888,0.5516010887398475,0.18263515581705675,1.0.0,0.0018748021675779603,0.0006718466953759272,0.7000000000000003,0.7595473833097596,504,157,33,13,Austrian Bundesliga,True,over15,global_model
Portuguese Primeira Liga,737,0.7476255088195387,0.7476255088195387,0.7476255088195387,0.0,0.5188025681556505,0.7560192616372392,0.8548094373865699,0.8023850085178875,0.4573812754409771,0.5571446669979446,0.18605755213520156,0.5772398181214995,0.8051863790981111,0.017958280969361546,0.5649287861460378,0.1886816073818646,1.0.0,0.007784119148093183,0.0026240552466630374,0.7000000000000004,0.7476255088195387,471,152,80,34,Portuguese Primeira Liga,True,over15,global_model
Romanian Superliga,743,0.7052489905787349,0.7052489905787349,0.7052489905787349,0.0,0.5031893757189166,0.7074829931972789,0.5954198473282443,0.6466321243523316,0.4659353970390311,0.6096878659751924,0.20918373812492086,0.5121997978319216,0.7210124367503897,0.03884849538009198,0.6063510226261848,0.20787285186641036,1.0.0,-0.0033368433490076344,-0.0013108862585105019,0.7000000000000003,0.7039030955585465,312,129,212,90,Romanian Superliga,True,over15,global_model
Japan J-League,1024,0.70703125,0.70703125,0.70703125,0.0,0.5402117863720074,0.7308228730822873,0.7237569060773481,0.7272727272727273,0.45563476562500016,0.6032548194348744,0.20632004343636517,0.5532872928176795,0.7457260864433325,0.024012399775063933,0.6047884945798057,0.2071380615234375,1.0.0,0.0015336751449313013,0.0008180180870723253,0.7000000000000005,0.70703125,524,193,200,107,Japan J-League,True,over15,global_model
K-League 1,483,0.7142857142857143,0.7142857142857143,0.7142857142857143,0.0,0.5456521739130434,0.7368421052631579,0.8521739130434782,0.7903225806451611,0.4719254658385095,0.5953963625927301,0.20293547931430403,0.5329972694812014,0.7498753207287217,0.029895310911120312,0.5982695885852573,0.20408163265306126,1.0.0,0.002873225992527151,0.0011461533387572276,0.7000000000000005,0.7142857142857143,294,105,51,33,K-League 1,True,over15,global_model
Ligue 2,767,0.6923076923076923,0.6923076923076923,0.6923076923076923,0.0,0.4950564971751412,0.689108910891089,0.655367231638418,0.6718146718146718,0.45328552803129085,0.6223656084181276,0.21521551245184023,0.49954115994765236,0.7128162915753943,0.04600952679527198,0.6172417697303415,0.21301775147928995,1.0.0,-0.0051238386877860975,-0.0021977609725502834,0.7000000000000004,0.6923076923076923,348,157,183,79,Ligue 2,True,over15,global_model
League Two,1328,0.7326807228915663,0.7326807228915663,0.7326807228915663,0.0,0.5108897992270167,0.7377341659232828,0.8499486125385406,0.789875835721108,0.4635316265060242,0.5801473151379289,0.19561688306256328,0.54472735694744,0.7599855865130485,0.02699214513447451,0.5805742643505692,0.19585968119465816,1.0.0,0.00042694921264030405,0.0002427981320948791,0.7000000000000003,0.7326807228915663,827,294,146,61,League Two,True,over15,global_model
National League,1291,0.7831138652207591,0.7831138652207591,0.7831138652207591,0.0,0.5042019923696481,0.7845786963434023,0.9762611275964391,0.8699867783164389,0.4662199845081333,0.5232627746464711,0.1699358436660591,0.5236841175639395,0.8000938435766453,0.021723708126371217,0.5229384982695033,0.16984653931976182,1.0.0,-0.000324276376967747,-8.93043462972809e-05,0.7000000000000002,0.7831138652207591,987,271,24,9,National League,True,over15,global_model
League One,1337,0.7299925205684368,0.7299925205684368,0.7299925205684368,0.0,0.5498189228463739,0.7569230769230769,0.7561475409836066,0.7565351101998975,0.4619521316379957,0.5785633413561923,0.19514411484403496,0.5598377684937106,0.7619559553945581,0.013836018577146775,0.5832662791981673,0.19710344048257722,1.0.0,0.004702937841975063,0.0019593256385422586,0.7000000000000003,0.7299925205684368,738,237,238,124,League One,True,over15,global_model
Scottish Premiership,550,0.7890909090909091,0.7890909090909091,0.7890909090909091,0.0,0.5510885110440171,0.8074656188605108,0.9470046082949308,0.8716861081654295,0.4572545454545456,0.5053109707749375,0.16314636977321487,0.5920069918957572,0.8435992416884809,0.024629330622325616,0.5151586601030367,0.16642644628099174,1.0.0,0.009847689328099207,0.003280076507776869,0.7000000000000004,0.7890909090909091,411,98,23,18,Scottish Premiership,True,over15,global_model
Turkish Super Lig,818,0.7677261613691931,0.7677261613691931,0.7677261613691931,0.0,0.5342524304391552,0.7808398950131233,0.947452229299363,0.8561151079136691,0.45272616136919325,0.5368514351578857,0.17608953615156356,0.5678930606771706,0.8038588280072099,0.020437439077053306,0.5420092825043105,0.17832270251851673,1.0.0,0.005157847346424771,0.002233166366953171,0.7000000000000003,0.7677261613691931,595,167,33,23,Turkish Super Lig,True,over15,global_model
Scottish Championship,438,0.7191780821917808,0.7191780821917808,0.7191780821917808,0.0,0.5193573364305072,0.7298136645962733,0.746031746031746,0.7378335949764522,0.4577168949771691,0.5961427767796089,0.20262032717889505,0.5337720996257581,0.7311438895838226,0.025304564283982693,0.5937279127945243,0.20196096828673296,1.0.0,-0.0024148639850846143,-0.000659358892162093,0.7000000000000004,0.7191780821917808,235,87,80,36,Scottish Championship,True,over15,global_model
Saudi Pro League,711,0.7848101265822784,0.7848101265822784,0.7848101265822784,0.0,0.4960468058191018,0.7834302325581395,0.9659498207885304,0.8651685393258426,0.46379746835443053,0.5133661221761344,0.16711066680113315,0.5645512685360883,0.8390694489072716,0.020978668293589787,0.5207521724448525,0.16888319179618655,1.0.0,0.007386050268718081,0.0017725249950533983,0.7000000000000003,0.7848101265822784,539,149,19,4,Saudi Pro League,True,over15,global_model
USA MLS,1433,0.8011165387299372,0.8011165387299372,0.8011165387299372,0.0,0.5110474356623266,0.8047379755922469,0.9764808362369338,0.8823297914207006,0.4547103977669226,0.4942316788394787,0.1577049251457609,0.5683904884161624,0.8320152079689507,0.005746776419085815,0.49885067093058294,0.1593288301033022,1.0.0,0.004618992091104224,0.0016239049575413056,0.7000000000000003,0.8011165387299372,1121,272,27,13,USA MLS,True,over15,global_model
Brazil Serie A,1109,0.7285843101893598,0.7285843101893598,0.7276825969341749,-0.09017132551848439,0.5653823065030755,0.7719033232628398,0.6324257425742574,0.6952380952380952,0.47288548241659156,0.5734933984475346,0.19341989894831124,0.5990839117134305,0.7974192757268942,0.028105942148755215,0.5846618385907126,0.19774921313525456,1.0.0,0.011168440143178082,0.004329314186943323,0.7000000000000004,0.7258791704238052,511,151,297,150,Brazil Serie A,True,over15,global_model
Serie B,933,0.7277599142550911,0.7277599142550911,0.7266881028938906,-0.1071811361200492,0.4926130367724653,0.7241379310344828,0.8041237113402062,0.7620376831821353,0.4580278670953914,0.5883835398958526,0.1994041895424492,0.507352173761785,0.7472713121168653,0.0360625351146152,0.5854741725139431,0.19812542145851356,1.0.0,-0.0029093673819095,-0.0012787680839356497,0.7000000000000004,0.7277599142550911,546,208,133,46,Serie B,True,over15,global_model
Ireland Premier Division,608,0.6677631578947368,0.6677631578947368,0.6611842105263158,-0.6578947368421018,0.5444569087450617,0.7064516129032258,0.5394088669950738,0.6117318435754189,0.46580592105263174,0.6333348257898678,0.22086014601794024,0.5655757693996001,0.7222440147923522,0.03559551154636071,0.6357514318455308,0.22185552285318555,1.0.0,0.002416606055663073,0.0009953768352453096,0.7000000000000002,0.662828947368421,219,91,187,111,Ireland Premier Division,True,over15,global_model
Portuguese Primeira Liga,737,0.5291723202170964,0.5291723202170964,0.5630936227951153,3.3921302578018953,0.5492352028375083,0.5823529411764706,0.5076923076923077,0.5424657534246575,0.4915468113975578,0.6779904233798378,0.24269740540898704,0.5858346264686323,0.6259059165828343,0.01076709552863964,0.6914441650525657,0.24914897573315123,1.0.0,0.013453741672727837,0.006451570324164185,0.5127137042062416,0.5590230664857531,198,142,192,205,Portuguese Primeira Liga,True,over25,global_model
Japan J-League,1024,0.478515625,0.521484375,0.5537109375,3.22265625,0.542467324008255,0.5480769230769231,0.3489795918367347,0.42643391521197016,0.49293945312500015,0.6854798354577054,0.2462119213919404,0.5732056867690897,0.529562864509978,0.025064730124871617,0.6922237395388735,0.24953842163085938,1.0.0,0.006743904081168095,0.003326500238918978,0.5102832031250002,0.544921875,171,141,319,393,Japan J-League,True,over25,global_model
Brazil Serie A,1109,0.4670874661857529,0.5329125338142471,0.5644724977457168,3.155996393146976,0.5517136062821342,0.5709090909090909,0.3030888030888031,0.39596469104665827,0.48858431018935994,0.6760933561590632,0.24172649445287728,0.5864871397866321,0.5653269040054955,0.026697043139670376,0.6909791435474668,0.24891676511792604,1.0.0,0.014885787388403626,0.007190270665048765,0.5155184851217315,0.5644724977457168,157,118,361,473,Brazil Serie A,True,over25,global_model
Belgian First Division A,728,0.5137362637362637,0.5137362637362637,0.5425824175824175,2.8846153846153855,0.5285658176984199,0.5324909747292419,0.7887700534759359,0.6357758620689655,0.4924725274725276,0.690853459673824,0.24884480510565868,0.5603870207559141,0.5738246442632873,0.04534089993362768,0.6927697631934016,0.24981131505856774,1.0.0,0.0019163035195775002,0.0009665099529090615,0.5126648351648354,0.5370879120879121,295,259,79,95,Belgian First Division A,True,over25,global_model
Turkish Super Lig,818,0.530562347188264,0.530562347188264,0.5574572127139364,2.689486552567244,0.5494971678187404,0.5694980694980695,0.6797235023041475,0.6197478991596638,0.491356968215159,0.6786888618021332,0.24291537960504475,0.5878036194316436,0.6182211187331906,0.026135775497338094,0.6912779014031593,0.24906594293434398,1.0.0,0.012589039601026086,0.0061505633292992246,0.511992665036675,0.5464547677261614,295,223,139,161,Turkish Super Lig,True,over25,global_model
League One,1337,0.5048616305160808,0.5048616305160808,0.5280478683620045,2.3186237845923663,0.5180653463130804,0.5460750853242321,0.23703703703703705,0.3305785123966942,0.4921839940164549,0.6956529356136545,0.25118587912149526,0.5447510350229383,0.5301852857244278,0.045660936653038706,0.6930999089125213,0.2499763645487251,1.0.0,-0.002553026701133221,-0.0012095145727701595,0.5130366492146599,0.5153328347045625,160,133,515,529,League One,True,over25,global_model
Ireland Premier Division,608,0.43585526315789475,0.5641447368421053,0.587171052631579,2.3026315789473673,0.551042411573794,0.5619834710743802,0.25660377358490566,0.35233160621761656,0.4983552631578949,0.6725533184355491,0.23973890754971225,0.5987238021893393,0.5254350150093674,0.03620287464085876,0.6848953634394132,0.24588545273545712,1.0.0,0.012342045003864044,0.006146545185744867,0.5095888157894738,0.5986842105263158,68,53,197,290,Ireland Premier Division,True,over25,global_model
Mexico Liga MX,1105,0.5493212669683258,0.5493212669683258,0.5692307692307692,1.9909502262443368,0.5451972635186546,0.5843971631205673,0.6787479406919276,0.628048780487805,0.49451583710407254,0.6775778684329823,0.24246473450169434,0.578835936828037,0.6316270712999636,0.02769462785876854,0.6882740849641674,0.24756741262463913,1.0.0,0.010696216531185132,0.005102678122944793,0.5111040723981902,0.5638009049773756,412,293,195,205,Mexico Liga MX,True,over25,global_model
Greek Super League,559,0.5205724508050089,0.5205724508050089,0.5384615384615384,1.7889087656529523,0.5375827050315433,0.5597014925373134,0.5154639175257731,0.5366726296958855,0.4900715563506262,0.6859332545686057,0.24648747878906538,0.5559316817971995,0.5862407378495083,0.026170365395961227,0.6923004901071316,0.2495767742678755,1.0.0,0.006367235538525917,0.0030892954788101223,0.5134168157423974,0.5313059033989267,150,118,141,150,Greek Super League,True,over25,global_model
Sweden Allsvenskan,954,0.5345911949685535,0.5345911949685535,0.5513626834381551,1.6771488469601636,0.5154213036565978,0.5450643776824035,0.7470588235294118,0.630272952853598,0.4977672955974844,0.6891113706388523,0.24791230467533065,0.5488032149796855,0.5858702016452653,0.03359513818745728,0.6907521663788136,0.24880344923064754,1.0.0,0.0016407957399613426,0.0008911445553168862,0.5109958071278827,0.5366876310272537,381,318,129,126,Sweden Allsvenskan,True,over25,global_model
China Super League,731,0.5923392612859097,0.5923392612859097,0.6073871409028728,1.5047879616963078,0.5411480695010618,0.6158833063209076,0.8775981524249422,0.7238095238095238,0.49088919288645705,0.6587398858159085,0.23353536079255385,0.5987336670954942,0.6859222750732556,0.013104767735628717,0.6759958192522565,0.24147346082517251,1.0.0,0.017255933436348014,0.007938100032618661,0.5103967168262655,0.6060191518467852,380,237,53,61,China Super League,True,over25,global_model
Bundesliga 2,713,0.5904628330995793,0.5904628330995793,0.603085553997195,1.2622720897615736,0.510351251098168,0.5968028419182948,0.7980997624703088,0.6829268292682926,0.49256661991584877,0.6797776983427389,0.24319798642862034,0.5340025379884814,0.6065746341979664,0.03922455207456406,0.6766896486855151,0.24181647582759763,1.0.0,-0.003088049657223868,-0.0013815106010227063,0.5131276297335206,0.5862552594670407,336,227,85,65,Bundesliga 2,True,over25,global_model
La Liga 2,1067,0.4554826616682287,0.5445173383317713,0.5548266166822868,1.0309278350515538,0.5291164658634538,0.5625,0.16666666666666666,0.2571428571428572,0.49135895032802257,0.6848951736896826,0.24579468936209345,0.5596991139159814,0.5229353714471013,0.018209238441919063,0.6891783403864764,0.2480182065878546,1.0.0,0.00428316669679385,0.00222351722576114,0.5132427366447987,0.5576382380506092,81,63,405,518,La Liga 2,True,over25,global_model
Norway Eliteserien,687,0.5807860262008734,0.5807860262008734,0.5909752547307132,1.0189228529839833,0.535923141186299,0.6021314387211367,0.849624060150376,0.7047817047817048,0.4952838427947599,0.665120492810636,0.2364175094344892,0.5899209830130883,0.6678455315594211,0.02999231995284935,0.6800370234913332,0.24347361797067185,1.0.0,0.014916530680697204,0.007056108536182659,0.5121979621542941,0.586608442503639,339,224,60,64,Norway Eliteserien,True,over25,global_model
Austrian Bundesliga,707,0.5063649222065064,0.5063649222065064,0.5162659123055162,0.9900990099009799,0.5261001104512494,0.5275229357798165,0.6424581005586593,0.5793450881612091,0.4945685997171147,0.6921085853559881,0.2493210995444493,0.5557538697955852,0.5585106502217364,0.03134261908013378,0.693066153902092,0.2499594877653051,1.0.0,0.0009575685461039596,0.0006383882208557956,0.5102121640735504,0.5233380480905233,230,206,128,143,Austrian Bundesliga,True,over25,global_model
League Two,1328,0.4819277108433735,0.5180722891566265,0.5271084337349398,0.9036144578313254,0.5236918604651163,0.5097345132743363,0.45,0.47800829875518674,0.4924021084337351,0.6935987554650793,0.25012424634609054,0.5387354651162791,0.5124249440959547,0.02864532342705034,0.692493822984783,0.2496733923646393,1.0.0,-0.0011049324802963056,-0.0004508539814512269,0.5131701807228918,0.5278614457831325,288,277,352,411,League Two,True,over25,global_model
USA MLS,1433,0.6001395673412422,0.6001395673412422,0.6071179344033496,0.6978367062107416,0.5256219814115832,0.6139389193422083,0.9116279069767442,0.7337388862891906,0.4934473133286812,0.6579420927701816,0.23299673847443586,0.5967612321928649,0.6901014727539949,0.00850039920799776,0.6729550367392383,0.23997206705270882,1.0.0,0.015012943969056725,0.00697532857827296,0.5100907187718076,0.6071179344033496,784,493,76,80,USA MLS,True,over25,global_model
Scottish Championship,438,0.4794520547945205,0.5205479452054795,0.5273972602739726,0.6849315068493067,0.5208646616541354,0.5100671140939598,0.3619047619047619,0.42339832869080785,0.4905251141552512,0.6953678786469091,0.25102477355475133,0.5175647451963241,0.50669919930081,0.028983288730373983,0.6923025066041153,0.2495777819478327,1.0.0,-0.003065372042793779,-0.001446991606918635,0.5132876712328769,0.5205479452054794,76,73,134,155,Scottish Championship,True,over25,global_model
Scottish Premiership,550,0.5636363636363636,0.5636363636363636,0.5690909090909091,0.545454545454549,0.5180779569892473,0.5768194070080862,0.6903225806451613,0.6284875183553597,0.489309090909091,0.6800199049401202,0.24352366261729477,0.5606586021505376,0.6221430295075058,0.0240116217140306,0.6850259985526486,0.24595041322314046,1.0.0,0.005006093612528351,0.0024267506058456845,0.5138727272727275,0.5527272727272727,214,157,96,83,Scottish Premiership,True,over25,global_model
Denmark Superliga,526,0.6083650190114068,0.6083650190114068,0.6121673003802282,0.38022813688213253,0.5361802184466019,0.6276595744680851,0.921875,0.7468354430379747,0.4944296577946769,0.6652106625454528,0.2362355267519574,0.5542475728155339,0.6500707065734718,0.027385300809629705,0.669473818394248,0.23825702265465742,1.0.0,0.004263155848795219,0.002021495902700038,0.511235741444867,0.6159695817490495,295,175,25,31,Denmark Superliga,True,over25,global_model
Argentina Primera Division,1549,0.32730794060684315,0.6726920593931569,0.6752743705616526,0.2582311168495721,0.5295829594884667,0.5647058823529412,0.09467455621301775,0.16216216216216214,0.4908715300193675,0.6241092336555419,0.2167753725202563,0.5857306726936138,0.4231065680821214,0.0570521345968622,0.6322557477950471,0.22017745262255037,1.0.0,0.008146514139505179,0.003402080102294064,0.5141833440929634,0.6778566817301485,48,37,459,1005,Argentina Primera Division,True,over25,global_model
Ligue 2,767,0.4745762711864407,0.5254237288135593,0.5267275097783573,0.1303780964797996,0.5076657213753988,0.4962962962962963,0.18406593406593408,0.26853707414829664,0.49036505867014357,0.6928202112307671,0.24978472522360426,0.5276770376025959,0.5120259134173727,0.037497928472396504,0.6918538909574949,0.24935363401321467,1.0.0,-0.0009663202732721476,-0.0004310912103895892,0.5127118644067798,0.5228161668839635,67,68,297,335,Ligue 2,True,over25,global_model
Championship,1337,0.47943156320119673,0.5205684367988033,0.5205684367988033,0.0,0.5266746014668173,0.5295774647887324,0.29329173166926675,0.3775100401606426,0.4902991772625282,0.6917237474310562,0.2492571046340748,0.5354308999946205,0.5189694242148384,0.015350021092994475,0.6923008205732181,0.2495769394076536,1.0.0,0.0005770731421618214,0.0003198347735788032,0.5139865370231863,0.5362752430815259,188,167,453,529,Championship,True,over25,global_model
Romanian Superliga,743,0.44010767160161507,0.559892328398385,0.5572005383580081,-0.2691790040376896,0.5204878263937897,0.48502994011976047,0.24770642201834864,0.32793522267206476,0.49384925975773897,0.6856815153039774,0.246250807350026,0.5440999176664314,0.48336986838964785,0.0318946134395557,0.6859557430325809,0.24641290899902005,1.0.0,0.0002742277286035266,0.00016210164899405077,0.5124764468371469,0.5518169582772544,81,86,246,330,Romanian Superliga,True,over25,global_model
Saudi Pro League,711,0.5611814345991561,0.5611814345991561,0.5569620253164557,-0.42194092827004814,0.5409196067090803,0.5880149812734082,0.7869674185463659,0.6730975348338692,0.49278481012658243,0.6769176458586343,0.2419841158834873,0.5751799370220423,0.6286210671081597,0.011166709123151814,0.6856420501469624,0.24625683206038912,1.0.0,0.008724404288328103,0.0042727161769018085,0.5134177215189875,0.5668073136427567,314,220,85,92,Saudi Pro League,True,over25,global_model
K-League 1,483,0.484472049689441,0.515527950310559,0.5031055900621118,-1.2422360248447228,0.48697353516630626,0.4673913043478261,0.36752136752136755,0.4114832535885168,0.49745341614906846,0.6965777724832666,0.2516669278344688,0.5113960113960114,0.5085892577236665,0.05699379569354686,0.692664868531632,0.2497588827591528,1.0.0,-0.003912903951634572,-0.0019080450753160005,0.5106832298136648,0.494824016563147,86,98,148,151,K-League 1,True,over25,global_model
National League,1291,0.533694810224632,0.533694810224632,0.5189775367931836,-1.4717273431448463,0.5089987897140157,0.5396498455200824,0.760522496371553,0.6313253012048194,0.49175832687838894,0.691531455852428,0.24918367872834798,0.52516044727541,0.5609881987969629,0.03473173819407419,0.6908747782948834,0.248864659763926,1.0.0,-0.000656677557544616,-0.00031901896442199096,0.5140278853601861,0.5166537567776918,524,447,165,155,National League,True,over25,global_model
Dutch Eredivisie,731,0.5896032831737346,0.5896032831737346,0.573187414500684,-1.641586867305056,0.5193310131477185,0.5997045790251108,0.9419953596287703,0.7328519855595667,0.4914637482900138,0.6767195954826695,0.24166402590499114,0.5447177107501934,0.6330544728264461,0.03293717030303422,0.6770026126477598,0.24197125164448754,1.0.0,0.00028301716509038233,0.00030722573949640286,0.5134062927496581,0.5882352941176471,406,271,25,29,Dutch Eredivisie,True,over25,global_model
Finland Veikkausliiga,481,0.6403326403326404,0.6403326403326404,0.6174636174636174,-2.2869022869022926,0.5472655956760003,0.6675324675324675,0.8344155844155844,0.7417027417027418,0.5001039501039503,0.6480006182640563,0.22823479733842802,0.5999737256962691,0.7354746798223011,0.07446939507569295,0.6532265653157889,0.23030675005726975,1.0.0,0.005225947051732627,0.002071952718841724,0.5100623700623702,0.6216216216216216,257,128,51,45,Finland Veikkausliiga,True,over25,global_model
Serie B,933,0.4780278670953912,0.5219721329046088,0.4812433011789925,-4.0728831725616255,0.5104649128461064,0.5025125628140703,0.2242152466367713,0.31007751937984496,0.48991425509110414,0.6978949859050335,0.2523013253574935,0.4961740683787442,0.5019887967173039,0.04136974364983553,0.6921813203091126,0.24951722537562213,1.0.0,-0.005713665595920903,-0.002784099981871374,0.5139335476956057,0.5091103965702036,100,99,346,388,Serie B,True,over25,global_model
Finland Veikkausliiga,481,0.3970893970893971,0.6029106029106028,0.6237006237006237,2.07900207900209,0.5870554251669976,0.4657534246575342,0.7120418848167539,0.5631469979296065,0.5488357588357591,0.6548657253528276,0.23134452815881307,0.618848167539267,0.5318341965160173,0.060859814921809335,0.6718138555085532,0.23940940780857609,1.0.0,0.016948130155725605,0.008064879649763018,0.3058004158004157,0.6278586278586279,136,156,55,134,Finland Veikkausliiga,True,over35,global_model
Denmark Superliga,526,0.3973384030418251,0.6026615969581749,0.6178707224334601,1.520912547528519,0.5508354338671456,0.4312169312169312,0.7799043062200957,0.555366269165247,0.5518631178707228,0.6626798385601101,0.23495354188586612,0.5851206737808099,0.49517835336566035,0.043071156750435644,0.6719177127762204,0.23946059650999732,1.0.0,0.00923787421611022,0.0045070546241312015,0.3053992395437262,0.6197718631178707,163,215,46,102,Denmark Superliga,True,over35,global_model
USA MLS,1433,0.3712491277041172,0.6287508722958828,0.6434054431263084,1.465457083042565,0.5440508874850833,0.4,0.7706766917293233,0.5266538214515093,0.5569783670621078,0.6453927544571613,0.22663824936900945,0.5912332162259144,0.474887572213226,0.028696766974860614,0.6596171421094927,0.2334232128830493,1.0.0,0.014224387652331472,0.0067849635140398434,0.3057501744591765,0.6461967899511515,410,615,122,286,USA MLS,True,over35,global_model
China Super League,731,0.4117647058823529,0.5882352941176471,0.600547195622435,1.2311901504787892,0.5717607973421928,0.4652631578947368,0.7342192691029901,0.5695876288659794,0.5579206566347472,0.6655778154503879,0.23649622193211725,0.6190064127327513,0.523261729440406,0.06870398997969676,0.6774944044487072,0.2422145328719723,1.0.0,0.011916588998319377,0.005718310939855059,0.30548563611491103,0.6087551299589603,221,254,80,176,China Super League,True,over35,global_model
Austrian Bundesliga,707,0.26591230551626593,0.734087694483734,0.7397454031117398,0.5657708628005742,0.5303724429139507,0.3004115226337449,0.3882978723404255,0.33874709976798145,0.5552475247524755,0.5748700742987488,0.19326577524599287,0.5580084450457098,0.34029241582357794,0.02668473024434308,0.5791506031311885,0.19520295129128992,1.0.0,0.004280528832439678,0.0019371760452970566,0.3057284299858557,0.7355021216407355,73,170,115,349,Austrian Bundesliga,True,over35,global_model
Scottish Premiership,550,0.32,0.6799999999999999,0.6854545454545454,0.545454545454549,0.5299131016042781,0.34294871794871795,0.6079545454545454,0.43852459016393447,0.5493636363636366,0.6168547811991911,0.21277981433485718,0.5607225328147788,0.42570937185751717,0.056687202715821054,0.6268694575724265,0.2176,1.0.0,0.010014676373235387,0.0048201856651428066,0.30456363636363637,0.6818181818181818,107,205,69,169,Scottish Premiership,True,over35,global_model
Dutch Eredivisie,731,0.37756497948016415,0.6224350205198359,0.6265389876880985,0.41039671682625567,0.5034480012740883,0.37936267071320184,0.9057971014492754,0.5347593582887701,0.5490013679890563,0.6539643874901698,0.23078399186851692,0.5877050485746138,0.4598677671205233,0.034993592338655156,0.6628594726627527,0.2350096657503075,1.0.0,0.008895085172582862,0.00422567388179057,0.3048153214774282,0.627906976744186,250,409,26,46,Dutch Eredivisie,True,over35,global_model
Mexico Liga MX,1105,0.302262443438914,0.6977375565610859,0.7013574660633484,0.36199095022624306,0.5482711619562433,0.3446327683615819,0.5479041916167665,0.423121387283237,0.552190045248869,0.6054926323109111,0.2079247584119378,0.5693243862469614,0.3797055140242135,0.029110710334584344,0.6127690956970614,0.21089985872525127,1.0.0,0.007276463386150289,0.002975100313313467,0.3054389140271493,0.7004524886877828,183,348,151,423,Mexico Liga MX,True,over35,global_model
Ireland Premier Division,608,0.2138157894736842,0.7861842105263158,0.7894736842105263,0.3289473684210509,0.5557289990344384,0.3698630136986301,0.2076923076923077,0.2660098522167488,0.5543914473684213,0.5036575793542184,0.1625051178014043,0.6192629546186031,0.32661948254584733,0.02090872355598721,0.5189686176731708,0.1680985976454294,1.0.0,0.015311038318952419,0.005593479844025084,0.3061677631578947,0.7894736842105263,27,46,103,432,Ireland Premier Division,True,over35,global_model
Japan J-League,1024,0.2392578125,0.7607421875,0.76171875,0.09765625,0.5395195305336512,0.30303030303030304,0.2857142857142857,0.2941176470588235,0.5561718750000003,0.5446891280985904,0.18020635017226394,0.5702915826150743,0.300348842691171,0.021072122010230475,0.5502229127119813,0.18201351165771484,1.0.0,0.005533784613390935,0.0018071614854509033,0.30558593749999996,0.7607421875,70,161,175,618,Japan J-League,True,over35,global_model
Brazil Serie A,1109,0.2164111812443643,0.7835888187556357,0.7844905320108205,0.09017132551848439,0.5304588607594937,0.2903225806451613,0.1875,0.2278481012658228,0.5402254283137965,0.5191970224972409,0.16843935538160218,0.5555811277330265,0.27875493560276166,0.03720459054132535,0.5223280383353052,0.1695773818767832,1.0.0,0.0031310158380642994,0.0011380264951810215,0.30347159603246165,0.7835888187556357,45,110,195,759,Brazil Serie A,True,over35,global_model
League One,1337,0.2572924457741212,0.7427075542258788,0.7427075542258789,1.1102230246251565e-14,0.512583725614183,0.292817679558011,0.15406976744186046,0.2019047619047619,0.5493792071802547,0.5687961157772798,0.19070166235088545,0.5467106958008384,0.28536435809996025,0.024392827860840165,0.57020580632161,0.19109304312169204,1.0.0,0.0014096905443301555,0.00039138077080658196,0.30493642483171274,0.7419596110695588,53,128,291,865,League One,True,over35,global_model
Greek Super League,559,0.2629695885509839,0.737030411449016,0.7370304114490162,1.1102230246251565e-14,0.5378194967307312,0.30456852791878175,0.40816326530612246,0.3488372093023256,0.5508944543828268,0.5754937636202939,0.19385207199606422,0.5530678290733769,0.3019112707312679,0.028917091283390546,0.5761401526032582,0.19381658404831015,1.0.0,0.0006463889829643188,-3.548794775407038e-05,0.30483005366726296,0.7334525939177102,60,137,87,275,Greek Super League,True,over35,global_model
Belgian First Division A,728,0.29120879120879123,0.7087912087912087,0.7087912087912088,1.1102230246251565e-14,0.5362000877577885,0.3146551724137931,0.6886792452830188,0.4319526627218934,0.5500824175824178,0.602402534783321,0.2062899639296544,0.5586788796255667,0.35022667120105105,0.04717612294837103,0.603230469599223,0.20640623113150577,1.0.0,0.0008279348159020428,0.00011626720185137218,0.30502747252747253,0.7115384615384616,146,318,66,198,Belgian First Division A,True,over35,global_model
Sweden Allsvenskan,954,0.2945492662473795,0.7054507337526206,0.7054507337526206,0.0,0.501123666802388,0.2955032119914347,0.49110320284697506,0.36898395721925137,0.5474004192872121,0.6057452062116554,0.207668192220945,0.5260505623621856,0.34845302898320174,0.05016950724520493,0.6061749199454728,0.20778999600050985,1.0.0,0.00042971373381739397,0.00012180377956483301,0.30534591194968547,0.709643605870021,138,329,143,344,Sweden Allsvenskan,True,over35,global_model
Portuguese Primeira Liga,737,0.2930800542740841,0.7069199457259159,0.7069199457259159,0.0,0.5517345560531741,0.35384615384615387,0.42592592592592593,0.38655462184873957,0.5515875169606516,0.5938739631893323,0.2024153517411867,0.5905754602971494,0.3816689676548503,0.019425672084455694,0.6048865247357628,0.20718413606078398,1.0.0,0.011012561546430488,0.004768784319597291,0.3050746268656716,0.7150610583446404,92,168,124,353,Portuguese Primeira Liga,True,over35,global_model
Championship,1337,0.23784592370979807,0.7621540762902019,0.7621540762902019,0.0,0.5116049771325939,0.2638888888888889,0.1792452830188679,0.21348314606741572,0.5480254300673152,0.5504849901097034,0.18197729885946456,0.5299590793785991,0.2683867638269184,0.02036745231856618,0.5485842228924795,0.181275240284431,1.0.0,-0.0019007672172238754,-0.000702058575033554,0.3045699326851159,0.7614061331338818,57,159,261,860,Championship,True,over35,global_model
Argentina Primera Division,1549,0.14912846998063267,0.8508715300193673,0.8508715300193673,0.0,0.5256833454860769,0.33962264150943394,0.07792207792207792,0.1267605633802817,0.5444092963202068,0.4198580100279022,0.1266612037564376,0.5843039105558073,0.20428834221488354,0.0381002814890888,0.42119434746474027,0.1268891694218682,1.0.0,0.0013363374368380865,0.00022796566543059615,0.3042220787604906,0.8508715300193673,18,35,213,1283,Argentina Primera Division,True,over35,global_model
Ligue 2,767,0.258148631029987,0.741851368970013,0.741851368970013,0.0,0.5195185599403526,0.3191489361702128,0.15151515151515152,0.20547945205479454,0.5529856584093875,0.5745816410650593,0.1925581689467241,0.5137313379844135,0.28787905998942703,0.029362951663376373,0.5711115222337485,0.19150791532733058,1.0.0,-0.0034701188313107645,-0.0010502536193935097,0.30505867014341587,0.741851368970013,30,64,168,505,Ligue 2,True,over35,global_model
National League,1291,0.3020914020139427,0.6979085979860573,0.6979085979860573,0.0,0.5248840319872506,0.3203230148048452,0.6102564102564103,0.42012356575463367,0.546049573973664,0.6134513286219553,0.21114343565241,0.528054298642534,0.32950063345167924,0.018236128544823125,0.6126259420756491,0.2108321868431932,1.0.0,-0.0008253865463061505,-0.00031124880921681863,0.304562354763749,0.6979085979860573,238,505,152,396,National League,True,over35,global_model
League Two,1328,0.26656626506024095,0.733433734939759,0.733433734939759,0.0,0.5194549820763582,0.2949438202247191,0.2966101694915254,0.29577464788732394,0.5485843373493978,0.5799407404137586,0.1957407003548368,0.5472569287346721,0.2897443819743701,0.01940897769435005,0.5798135792854865,0.19550869139207433,1.0.0,-0.00012716112827215742,-0.00023200896276245886,0.30488704819277107,0.7341867469879518,105,251,249,723,League Two,True,over35,global_model
La Liga 2,1067,0.2492970946579194,0.7507029053420806,0.7507029053420806,0.0,0.49827518233786716,0.2413793103448276,0.07894736842105263,0.11898016997167138,0.5495313964386133,0.561775126820265,0.18723660179880294,0.5464879427032,0.27252075196835557,0.03336577119295734,0.5615616058118866,0.1871480532530398,1.0.0,-0.00021352100837834787,-8.854854576315074e-05,0.30484536082474223,0.7507029053420806,21,66,245,735,La Liga 2,True,over35,global_model
Saudi Pro League,711,0.3558368495077356,0.6441631504922645,0.6441631504922645,0.0,0.563607884426187,0.4080604534005038,0.6403162055335968,0.4984615384615385,0.5482278481012661,0.6355851290529109,0.22214945393325153,0.6040181576540035,0.4644201393806767,0.028037479590592232,0.6509851907422572,0.2292169860401447,1.0.0,0.015400061689346378,0.007067532106893176,0.3049367088607595,0.6511954992967651,162,235,91,223,Saudi Pro League,True,over35,global_model
Romanian Superliga,743,0.2395693135935397,0.7604306864064603,0.7604306864064603,0.0,0.528169434224918,0.36666666666666664,0.12359550561797752,0.18487394957983191,0.5489636608344551,0.544053007331538,0.17962500345778945,0.5758576116138013,0.30679937290809983,0.013747462722835817,0.5505829760101812,0.18217585757785992,1.0.0,0.006529968678643194,0.0025508541200704726,0.30508748317631224,0.7604306864064603,22,38,156,527,Romanian Superliga,True,over35,global_model
Serie B,933,0.2583065380493033,0.7416934619506967,0.7416934619506966,-1.1102230246251565e-14,0.5276815052886576,0.31901840490797545,0.2157676348547718,0.2574257425742574,0.549121114683816,0.5687072608321277,0.19049157527637492,0.5500983378504785,0.3108393471425202,0.014697221365565274,0.5712781459077133,0.1915842704502872,1.0.0,0.0025708850755855606,0.001092695173912278,0.30464094319399776,0.7416934619506966,52,111,189,581,Serie B,True,over35,global_model
Turkish Super Lig,818,0.31907090464547677,0.6809290953545233,0.6797066014669927,-0.12224938875305957,0.5552872875351672,0.36343115124153497,0.6168582375478927,0.4573863636363636,0.5545232273838634,0.6136971842188007,0.2119326686908655,0.6019521657483646,0.4010326551561226,0.013973668503893115,0.6261671471764387,0.21726466245419385,1.0.0,0.012469962957638026,0.005331993763328352,0.30533007334963325,0.6809290953545232,161,282,100,275,Turkish Super Lig,True,over35,global_model
K-League 1,483,0.2670807453416149,0.7329192546583851,0.7308488612836439,-0.20703933747412417,0.49937590329785836,0.2661290322580645,0.2558139534883721,0.2608695652173913,0.5500000000000002,0.593085178210908,0.20095061410398413,0.48815311172425874,0.2631451943649763,0.037176697324478064,0.5803336155324652,0.1957486208093823,1.0.0,-0.012751562678442796,-0.005201993294601831,0.3055900621118012,0.7287784679089027,33,91,96,263,K-League 1,True,over35,global_model
Scottish Championship,438,0.2374429223744292,0.7625570776255708,0.7602739726027398,-0.22831050228310223,0.5462056655918932,0.3484848484848485,0.22115384615384615,0.2705882352941177,0.5503424657534249,0.5444358606177798,0.17972649107959926,0.5558210502072778,0.3001950061998067,0.01984783944713113,0.5481144693606453,0.18106378098872,1.0.0,0.003678608742865519,0.0013372899091207424,0.30481735159817347,0.7602739726027398,23,43,81,291,Scottish Championship,True,over35,global_model
Bundesliga 2,713,0.34221598877980364,0.6577840112201964,0.6549789621318373,-0.28050490883591017,0.5060470481317068,0.3458646616541353,0.7540983606557377,0.4742268041237114,0.548583450210379,0.6438929895043537,0.22579853664972158,0.5325290992345066,0.36517968485115626,0.023518417746658984,0.6424944002560262,0.22510420580326496,1.0.0,-0.0013985892483274753,-0.00069433084645662,0.3049088359046283,0.6549789621318373,184,348,60,121,Bundesliga 2,True,over35,global_model
Norway Eliteserien,687,0.3682678311499272,0.6317321688500728,0.62882096069869,-0.29112081513827937,0.5245897160343164,0.3852813852813853,0.7035573122529645,0.49790209790209794,0.5458806404657937,0.6564258670677,0.23190540451809882,0.5553723975883864,0.4240505724745702,0.03290540776708623,0.6580273512505322,0.23264663569005598,1.0.0,0.0016014841828322357,0.0007412311719571518,0.30489082969432313,0.636098981077147,178,284,75,150,Norway Eliteserien,True,over35,global_model
USA MLS/btts,2102,0.5970504281636536,0.5970504281636536,0.5913415794481446,-0.570884871550903,0.5392512594251094,0.6404371584699453,0.46693227091633466,0.5400921658986175,0.4043339676498573,0.6739253310945644,0.2404951589022184,0.5535854221837562,0.641365329187868,0.031219745714327934,0.6741895052497056,0.2405812143932515,1.0.0,0.0002641741551411281,8.605549103310461e-05,0.5899000951474789,0.5856327307326356,586,329,669,518,USA MLS,True,btts,league_specific
USA MLS/over15,2102,0.7949571836346336,0.7949571836346336,0.7949571836346336,0.0,0.5013218532048692,0.7954091816367266,0.9539198084979055,0.867482993197279,0.5164129400570886,0.5119182164625601,0.164484250653046,0.5356088092074296,0.8136820468403665,0.035482069527381054,0.5073142768804653,0.16300025982232497,1.0.0,-0.004603939582094818,-0.001483990830721038,0.6702473834443391,0.7949571836346336,1594,410,77,21,USA MLS,True,over15,league_specific
USA MLS/over25,2102,0.5927687916270219,0.5927687916270219,0.5637488106565176,-2.901998097050429,0.5379363495897151,0.6331236897274634,0.48475120385232745,0.5490909090909091,0.4575547098001904,0.6798737240182261,0.24320997957161303,0.5409783269077871,0.6235721762597393,0.03191157256138502,0.6758349456499366,0.24139395130006222,1.0.0,-0.004038778368289475,-0.001816028271550807,0.593501427212179,0.5851569933396765,604,350,642,506,USA MLS,True,over25,league_specific
USA MLS/over35,2102,0.3582302568981922,0.6417697431018078,0.6370123691722169,-0.4757373929590858,0.5182812116987942,0.3795180722891566,0.41832669322709165,0.3979785217940619,0.5404662226451001,0.6781024517557691,0.2395806044890568,0.5288842160392283,0.3733937957630397,0.07803195913006562,0.6523931463191122,0.22990133994084747,1.0.0,-0.02570930543665695,-0.009679264548209332,0.3465176022835395,0.6189343482397717,315,515,438,834,USA MLS,True,over35,league_specific
Argentina Primera Division/btts,1999,0.40570285142571283,0.5942971485742872,0.5932966483241621,-0.10005002501251026,0.5402141015581213,0.44960362400906,0.48951911220715166,0.46871310507674147,0.5600750375187595,0.6877979233818817,0.2467056007898292,0.5347951359048769,0.4378123866690547,0.06883726856887169,0.6752563245976301,0.24110804777075873,1.0.0,-0.01254159878425165,-0.0055975530190704725,0.4068584292146074,0.5732866433216608,397,486,414,702,Argentina Primera Division,True,btts,league_specific
Argentina Primera Division/over15,1999,0.6053026513256629,0.6053026513256629,0.59879939969985,-0.6503251625812889,0.523229006274288,0.6230954290296712,0.6421487603305785,0.6324786324786326,0.5067933966983493,0.6703875404777947,0.23843674628174363,0.54976955870492,0.6370338640148532,0.023792647330797282,0.6708029598919726,0.23891135162378588,1.0.0,0.00041541941417788664,0.0004746053420422447,0.593351675837919,0.6088044022011005,777,470,433,319,Argentina Primera Division,True,over15,league_specific
Argentina Primera Division/over25,1999,0.32216108054027015,0.6778389194597298,0.6743371685842922,-0.35017508754376925,0.5139826041117554,0.3339787028073572,0.5357142857142857,0.41144901610017887,0.5367883941970987,0.6364040249709251,0.22231749106355153,0.52298251243382,0.3422078149058372,0.04722912111354913,0.6284877005577266,0.21837331872539567,1.0.0,-0.00791632441319845,-0.00394417233815586,0.36667833916958475,0.6703351675837919,345,688,299,667,Argentina Primera Division,True,over25,league_specific
Argentina Primera Division/over35,1999,0.14957478739369684,0.8504252126063032,0.8489244622311155,-0.15007503751877094,0.5119152075545937,0.19285714285714287,0.0903010033444816,0.12300683371298406,0.47991995997999004,0.433561357477334,0.13144138077162498,0.548081841432225,0.17388442792131317,0.05427546272838172,0.4219708039755687,0.12720217036982726,1.0.0,-0.0115905535017653,-0.004239210401797727,0.36977988994497246,0.8504252126063031,27,113,272,1587,Argentina Primera Division,True,over35,league_specific
Brazil Serie A/btts,1722,0.502903600464576,0.502903600464576,0.5272938443670151,2.4390243902439046,0.5260449267229286,0.5342657342657343,0.44110854503464203,0.4832384566729918,0.45986062717770043,0.6966639387184438,0.2515947583579662,0.5358379109019878,0.5305212177191884,0.04369634193986547,0.6931303186738549,0.2499915691043421,1.0.0,-0.0035336200445889032,-0.0016031892536240988,0.4967828106852499,0.5174216027874564,382,333,484,523,Brazil Serie A,True,btts,league_specific
Brazil Serie A/over15,1722,0.7276422764227642,0.7276422764227642,0.7032520325203252,-2.4390243902439046,0.5201307905802195,0.7391304347826086,0.7055067837190743,0.721927317272356,0.46307781649245067,0.6295820094547072,0.2150261044982621,0.5144803856671494,0.7301290705291005,0.11448068916250335,0.5855898093279323,0.1981789939850618,1.0.0,-0.04399220012677496,-0.016847110513200286,0.6266202090592337,0.6904761904761905,884,312,369,157,Brazil Serie A,True,over15,league_specific
Brazil Serie A/over25,1722,0.4657375145180023,0.5342624854819977,0.5394889663182346,0.5226480836236891,0.5118535183779681,0.487964989059081,0.27805486284289277,0.3542494042891184,0.5295121951219515,0.7067520120527527,0.256028835416554,0.5155968773717879,0.47852890795399844,0.07278062440527287,0.6907975038328654,0.24882608208859597,1.0.0,-0.01595450821988731,-0.007202753327958056,0.4699303135888502,0.5238095238095238,223,234,579,686,Brazil Serie A,True,over25,league_specific
Brazil Serie A/over35,1722,0.218931475029036,0.781068524970964,0.781068524970964,0.0,0.499146066086202,0.1875,0.007957559681697613,0.015267175572519085,0.5266202090592337,0.5431624561309284,0.1753329591145632,0.5025085541301411,0.232485465749593,0.048167684536531474,0.5255522346646571,0.1710004842706466,1.0.0,-0.017610221466271336,-0.004332474843916606,0.42358885017421605,0.781068524970964,3,13,374,1332,Brazil Serie A,True,over35,league_specific
Mexico Liga MX/btts,1483,0.5637221847606204,0.5637221847606204,0.5522589345920431,-1.14632501685773,0.5093308830598345,0.572538860103627,0.5287081339712919,0.5497512437810945,0.4335131490222522,0.6953934433168023,0.2502813750840238,0.5434929708703401,0.5941373716046316,0.04735979446801832,0.6850040190894539,0.24593948316933337,1.0.0,-0.010389424227348454,-0.004341891914690449,0.5565138233310857,0.5610249494268374,442,330,394,317,Mexico Liga MX,True,btts,league_specific
Mexico Liga MX/over15,1483,0.7761294672960216,0.7761294672960216,0.7754551584625758,-0.06743088334457692,0.5021144525975317,0.7768707482993197,0.9921807124239791,0.8714231209462037,0.5365677680377614,0.5448119935236241,0.17803427323667154,0.518166497440675,0.7925735408875938,0.0537087745293231,0.5317632955302712,0.17375251729081537,1.0.0,-0.013048697993352842,-0.004281755945856169,0.5631625084288605,0.7761294672960216,1142,328,9,4,Mexico Liga MX,True,over15,league_specific
Mexico Liga MX/over25,1483,0.5421443020903574,0.5421443020903574,0.5225893459204316,-1.9554956169925752,0.5299350083162977,0.577922077922078,0.4427860696517413,0.5014084507042252,0.44681051921780174,0.7306772663282837,0.26461774902023155,0.548862828713575,0.5910299545908663,0.11392823461536192,0.689590677921989,0.24822385780131667,1.0.0,-0.041086588406294644,-0.01639389121891488,0.44681051921780174,0.5151719487525287,356,260,448,419,Mexico Liga MX,True,over25,league_specific
Mexico Liga MX/over35,1483,0.31085637221847606,0.6891436277815239,0.6891436277815239,0.0,0.5065383684748972,0.3352941176470588,0.12364425162689804,0.18066561014263074,0.5432164531355362,0.6357998612943536,0.21984434242822587,0.5352664377194137,0.33191130405223024,0.07063678159230447,0.6197841509431209,0.2142246880696443,1.0.0,-0.016015710351232726,-0.005619654358581583,0.44016183412002696,0.6864463924477411,57,113,404,909,Mexico Liga MX,True,over35,league_specific
Japan J-League/btts,1406,0.5177809388335705,0.5177809388335705,0.49857752489331436,-1.9203413940256098,0.495935848811955,0.5139813581890812,0.5302197802197802,0.521974306964165,0.43716216216216214,0.7097821130726608,0.25783204552336275,0.5096103196213816,0.5297157639013201,0.08325537878721954,0.692514723643174,0.24968383821419687,1.0.0,-0.0172673894294868,-0.008148207309165878,0.5,0.4971550497866287,386,365,342,313,Japan J-League,True,btts,league_specific
Japan J-League/over15,1406,0.7147937411095305,0.7147937411095305,0.7155049786628734,0.07112375533429027,0.5067753501817596,0.7176644493717664,0.9661691542288557,0.823579304495335,0.5,0.5973254004927477,0.20384298773199286,0.5514956390119229,0.7574694252599028,0.031840061256964244,0.5978034557663597,0.20386364878017196,1.0.0,0.0004780552736119992,2.0661048179104746e-05,0.5496088193456615,0.7155049786628734,971,382,34,19,Japan J-League,True,over15,league_specific
Japan J-League/over25,1406,0.4829302987197724,0.5170697012802277,0.4950213371266003,-2.2048364153627373,0.49311938221310164,0.4752,0.4374079528718704,0.455521472392638,0.4834637268847795,0.702458940647408,0.25437461131601463,0.5225400246742012,0.49544653519027293,0.07512028399570292,0.6925643179045907,0.24970862529820384,1.0.0,-0.009894622742817272,-0.0046659860178107915,0.4834637268847795,0.5014224751066856,297,328,382,399,Japan J-League,True,over25,league_specific
Japan J-League/over35,1406,0.2496443812233286,0.7503556187766713,0.7389758179231863,-1.1379800853485,0.5100390218873632,0.29906542056074764,0.09116809116809117,0.13973799126637557,0.49007823613086765,0.5816205779662399,0.1941559551385844,0.5213040601666195,0.26629266778448835,0.05276715272344952,0.561944120114746,0.18732206414695,1.0.0,-0.019676457851493856,-0.006833890991634423,0.44046941678520624,0.7389758179231863,32,75,319,980,Japan J-League,True,over35,league_specific
Sweden Allsvenskan/btts,1331,0.526671675432006,0.526671675432006,0.47483095416979715,-5.184072126220885,0.48277743812693885,0.5021459227467812,0.3338088445078459,0.40102827763496146,0.48668670172802403,0.7204491193392495,0.26294687514458814,0.4871396870683604,0.5091094761241578,0.10123036733835586,0.691723748504682,0.24928862172964975,1.0.0,-0.0287253708345675,-0.013658253414938398,0.48668670172802403,0.4740796393688956,234,232,467,398,Sweden Allsvenskan,True,btts,league_specific
Sweden Allsvenskan/over15,1331,0.7768595041322314,0.7768595041322314,0.7558226897069872,-2.103681442524419,0.5060355326312773,0.7791461412151067,0.9177949709864603,0.8428063943161634,0.5,0.5580183321264564,0.18236037853850687,0.5538036717920664,0.7934771114792866,0.07163997065811888,0.5308541413364333,0.1733488149716549,1.0.0,-0.02716419079002308,-0.009011563566851954,0.5665664913598799,0.7558226897069872,949,269,85,28,Sweden Allsvenskan,True,over15,league_specific
Sweden Allsvenskan/over25,1331,0.5424492862509391,0.5424492862509391,0.4838467317806161,-5.860255447032303,0.49905275893908996,0.5409836065573771,0.31994459833795014,0.402088772845953,0.5532531930879039,0.7055431757864339,0.25591254083753445,0.5186832780681285,0.5630949181633875,0.07962734214194557,0.6895389548970291,0.24819805809678588,1.0.0,-0.016004220889404785,-0.007714482740748568,0.5532531930879039,0.5078888054094666,231,196,491,413,Sweden Allsvenskan,True,over25,league_specific
Sweden Allsvenskan/over35,1331,0.2907588279489106,0.7092411720510894,0.6949661908339594,-1.427498121713,0.5143309573862392,0.3855421686746988,0.082687338501292,0.13617021276595745,0.48335837716003005,0.6178156286624579,0.2111794334397132,0.5436867691499147,0.3405973340350867,0.07969025525358268,0.6028297274530544,0.20621813191868635,1.0.0,-0.014985901209403463,-0.004961301521026862,0.48335837716003005,0.7009767092411721,32,51,355,893,Sweden Allsvenskan,True,over35,league_specific
China Super League/btts,1226,0.5734094616639478,0.5734094616639478,0.5464926590538336,-2.69168026101142,0.5111744531086385,0.5849056603773585,0.4850640113798009,0.5303265940902021,0.432626427406199,0.7080635506419994,0.2556010370072419,0.5376411935735675,0.6010548546172392,0.08227465737067319,0.6823302236341241,0.24461105093820934,1.0.0,-0.02573332700787534,-0.010989986069032565,0.560636215334421,0.5440456769983687,341,242,362,281,China Super League,True,btts,league_specific
China Super League/over15,1226,0.7748776508972267,0.7748776508972267,0.7732463295269169,-0.16313213703098572,0.5228413424866514,0.7831223628691983,0.9768421052631578,0.869320843091335,0.5,0.5419242907034838,0.17602972691822383,0.5482742181540808,0.7957737749792552,0.05004146399979506,0.533315114617861,0.17444227703722234,1.0.0,-0.008609176085622838,-0.0015874498810014848,0.5538988580750409,0.7732463295269169,928,257,22,19,China Super League,True,over15,league_specific
China Super League/over25,1226,0.5774877650897227,0.5774877650897227,0.5864600326264274,0.897226753670477,0.523512313766551,0.5958279009126467,0.6454802259887006,0.6196610169491525,0.43599510603588904,0.6886770755077405,0.24691475339357238,0.5714626551490958,0.642424324179308,0.05255194530290155,0.6810899355617638,0.24399564626139994,1.0.0,-0.007587139945976706,-0.0029191071321724438,0.5538988580750409,0.5709624796084829,457,310,251,208,China Super League,True,over25,league_specific
China Super League/over35,1226,0.36786296900489396,0.632137030995106,0.6207177814029364,-1.1419249592169556,0.5387626063943924,0.44765342960288806,0.2749445676274945,0.34065934065934067,0.4764192495921697,0.7061344774187863,0.24408783948094273,0.5724082683642086,0.43054517985604596,0.09935622273694888,0.6578085130177294,0.23253980503979835,1.0.0,-0.048325964401056964,-0.011548034441144384,0.432626427406199,0.6305057096247961,124,153,327,622,China Super League,True,over35,league_specific
