label,n,base_rate,rock_accuracy,model_accuracy,lift_pp,balanced_accuracy,precision,recall,f1,threshold,log_loss,brier,auc,pr_auc,ece,rock_log_loss,rock_brier,calc_version,log_loss_gain,brier_gain,threshold_bal,accuracy_at_p50,tp,fp,fn,tn,target,model,fit_seconds,folds,fold_ll_spread
btts/logreg,26185,0.5341607790719878,0.5341607790719878,0.5476799694481573,1.3519190376169554,0.537376208599199,0.5779536054666427,0.4595696003431758,0.5120076466605599,0.4775295016230668,0.686808333988245,0.24682652951647904,0.5558228518311331,0.5828765123660574,0.013533200823835951,0.6908114437837614,0.2488330411731948,1.0.0,0.004003109795516324,0.0020065116567157537,0.5424853924002294,0.546610654955127,6428,4694,7559,7504,btts,logreg,4.5,4,0.0017769012840251897
btts/hgb,26185,0.5341607790719878,0.5341607790719878,0.5471835020049647,1.3022722932976905,0.5388628354488351,0.5789148108872393,0.4683634803746336,0.5178042129391772,0.49751002482337225,0.680679016348229,0.2440047025286701,0.5682298091827779,0.607471355794913,0.008280840540978456,0.6908114437837614,0.2488330411731948,1.0.0,0.010132427435532332,0.004828338644524699,0.5424624785182359,0.5535611991598244,6551,4765,7436,7433,btts,hgb,10.1,4,0.005581674209227172
btts/random_forest,26185,0.5341607790719878,0.5341607790719878,0.5507733435172809,1.6612564445293132,0.5439218951033783,0.578685336444963,0.5318510045041824,0.5542806050219804,0.4800126026350965,0.6831463496647081,0.2450650426389531,0.5664517632979248,0.5945436851826499,0.004721024143159184,0.6908114437837614,0.2488330411731948,1.0.0,0.007665094119053251,0.003767998534241701,0.5349398510597674,0.5545923238495322,7439,5416,6548,6782,btts,random_forest,29.2,4,0.0011334842373907916
btts/gboost,26185,0.5341607790719878,0.5341607790719878,0.5474890204315448,1.3328241359557014,0.5374569408154315,0.5679567956795679,0.5864731536426682,0.5770664790714034,0.49251059767042216,0.685424335185351,0.2461710210486503,0.5592865329367456,0.5872444542293669,0.007620137731068924,0.6908114437837614,0.2488330411731948,1.0.0,0.005387108598410406,0.0026620201245445008,0.5224865380943291,0.5513461905671185,8203,6240,5784,5958,btts,gboost,18.9,4,0.0018730073860296903
btts/lightgbm,26185,0.5341607790719878,0.5341607790719878,0.5529883521099866,1.8827573037998868,0.5419619438390505,0.5792075129747096,0.5026810609852005,0.5382377708030315,0.46753179301126596,0.6855919938915938,0.24632229794214805,0.5622746008277215,0.5966132223887705,0.027811777045693015,0.6908114437837614,0.2488330411731948,1.0.0,0.005219449892167605,0.002510743231046747,0.5424315447775446,0.552491884666794,7031,5108,6956,7090,btts,lightgbm,13.3,4,0.013564522877722252
over15/logreg,26185,0.7443956463624213,0.7443956463624213,0.7441283177391637,-0.02673286232576233,0.5502239169849176,0.7699616858237548,0.7732403037143444,0.7715975119666214,0.4350085927057477,0.5589601385997253,0.1867354159679169,0.5897836727769554,0.8015748209755763,0.010429143571340364,0.5684088115084276,0.19027076803909432,1.0.0,0.009448672908702327,0.0035353520711774167,0.7000000000000003,0.7438227993125835,15072,4503,4420,2190,over15,logreg,4.1,4,0.01646945319988291
over15/hgb,26185,0.7443956463624213,0.7443956463624213,0.745044873018904,0.06492266564827043,0.548057313464064,0.7670210252775809,0.8328545044120665,0.7985832697936396,0.4625770479282033,0.5569460886707318,0.18597347630287095,0.5939086971637488,0.8057328031550675,0.007850153558284712,0.5684088115084276,0.19027076803909432,1.0.0,0.011462722837695782,0.004297291736223369,0.7000000000000003,0.7444720259690663,16234,4931,3258,1762,over15,hgb,8.3,4,0.017696501465734427
over15/random_forest,26185,0.7443956463624213,0.7443956463624213,0.7441283177391637,-0.02673286232576233,0.5503074828570385,0.768348623853211,0.8249538272111635,0.7956457199406234,0.4926561008210809,0.558054679878636,0.18632708297140846,0.5904816723991536,0.8010571782801238,0.006635503453359556,0.5684088115084276,0.19027076803909432,1.0.0,0.010354131629791596,0.003943685067685859,0.7000000000000003,0.7444338361657438,16080,4848,3412,1845,over15,random_forest,28.5,4,0.017430833442848903
over15/gboost,26185,0.7443956463624213,0.7443956463624213,0.743708229902616,-0.06874164598053012,0.5446097306670868,0.7662939061037489,0.7980197003899036,0.7818350883365585,0.45011113232766853,0.5601691051753286,0.1872861570765907,0.5854062644325896,0.7996198310071595,0.011930111544211655,0.5684088115084276,0.19027076803909432,1.0.0,0.008239706333099006,0.002984610962503631,0.695008592705748,0.7434409012793584,15555,4744,3937,1949,over15,gboost,18.5,4,0.01848201045269826
over15/lightgbm,26185,0.7443956463624213,0.7443956463624213,0.7445865953790338,0.01909490166125405,0.5431165138519594,0.7653544075320747,0.8048943156166632,0.7846265409717186,0.3775214817643689,0.5624606276040943,0.18783981813685205,0.5846714259201498,0.8007921923812652,0.028083106233677234,0.5684088115084276,0.19027076803909432,1.0.0,0.005948183904333271,0.0024309499022422687,0.7000000000000003,0.7437846095092611,15689,4810,3803,1883,over15,lightgbm,13.7,4,0.023321465957848786
over25/logreg,26185,0.5093374069123544,0.5093374069123544,0.5568455222455604,4.750811533320598,0.5584250970926955,0.5777698228029354,0.4840668816075579,0.5267838929460243,0.49751002482337225,0.6815144502454228,0.244265488108017,0.5852542695061473,0.5877129265794785,0.014214438225555464,0.6929727960873677,0.24991281283215308,1.0.0,0.011458345841944939,0.0056473247241360935,0.5175237731525686,0.559862516708039,6456,4718,6881,8130,over25,logreg,4.1,4,0.0028001009375444585
over25/hgb,26185,0.5093374069123544,0.5093374069123544,0.5608172617911018,5.14798548787474,0.5606855637660415,0.5707547169811321,0.5534228087275999,0.5619551562678442,0.49250601489402346,0.6787931219813975,0.24299150154233606,0.5914512003517215,0.5945237872241795,0.011242326659914923,0.6929727960873677,0.24991281283215308,1.0.0,0.014179674105970208,0.006921311289817017,0.51251861752912,0.560091655527974,7381,5551,5956,7297,over25,hgb,7.9,4,0.0023472688420950183
over25/random_forest,26185,0.5093374069123544,0.5093374069123544,0.557112850868818,4.777544395646361,0.5614663781905804,0.5691758405236537,0.5737422208892554,0.5714499085172323,0.5025621539049077,0.6793198163832276,0.24321557537536037,0.590585555581804,0.5944255791658735,0.00712040379574,0.6929727960873677,0.24991281283215308,1.0.0,0.013652979704140145,0.0066972374567927095,0.5075100248233724,0.5617720068741646,7652,5792,5685,7056,over25,random_forest,28.8,4,0.0015958535930444828
over25/gboost,26185,0.5093374069123544,0.5093374069123544,0.5595569982814589,5.021959136910448,0.5611635864972127,0.5716286670298031,0.5507985304041388,0.5610203146479303,0.5125094519763225,0.6809308934057672,0.24397449972414967,0.5863985570997864,0.5890320157702066,0.0114262441877387,0.6929727960873677,0.24991281283215308,1.0.0,0.012041902681600547,0.005938313108003412,0.5100091655527975,0.5597097574947489,7346,5505,5991,7343,over25,gboost,21.9,4,0.002539895942028858
over25/lightgbm,26185,0.5093374069123544,0.5093374069123544,0.5522627458468589,4.292533893450445,0.5559856673365634,0.5762417823228634,0.47319487141036215,0.5196591049446251,0.49248768378842867,0.6841274118792156,0.24542123410731426,0.5834938618452155,0.5878508127952056,0.031172419722954918,0.6929727960873677,0.24991281283215308,1.0.0,0.008845384208152174,0.004491578724838824,0.5324785182356313,0.5590223410349436,6311,4641,7026,8207,over25,lightgbm,19.9,4,0.0057985184481554874
over35/logreg,26185,0.2842085163261409,0.715791483673859,0.7158296734771816,0.0038189803322596916,0.5623365572739559,0.356474428726877,0.4402042461703843,0.3939393939393939,0.5124979950353257,0.5852040851199659,0.1986519622366618,0.594365908072132,0.36487236472262047,0.013105361928241235,0.596884305189237,0.2034340355738346,1.0.0,0.011680220069271052,0.004782073337172815,0.3025002864235249,0.7164407103303418,3276,5914,4166,12829,over35,logreg,5.8,4,0.03117695588082603
over35/hgb,26185,0.2842085163261409,0.715791483673859,0.7180446820698874,0.2253198396028333,0.5647741312808022,0.3550672553650272,0.46466003762429453,0.40253768697980324,0.5499427152950165,0.5826299340697755,0.19758175714684,0.6002530221692153,0.3760542232729844,0.010310502632844755,0.596884305189237,0.2034340355738346,1.0.0,0.014254371119461484,0.005852278426994595,0.30499599007065115,0.7189994271529502,3458,6281,3984,12462,over35,hgb,10.5,4,0.03231556658981105
over35/random_forest,26185,0.2842085163261409,0.715791483673859,0.7181974412831774,0.24059576093183876,0.5669940481085168,0.36579789666209417,0.42999193765116905,0.3953057442865967,0.48756043536375804,0.5829864122269056,0.19763825883694755,0.6009836971761763,0.3767520520782257,0.004488965666530592,0.596884305189237,0.2034340355738346,1.0.0,0.013897892962331349,0.005795776736887054,0.310006874164598,0.7174718350200496,3200,5548,4242,13195,over35,random_forest,29.7,4,0.027702757613458973
over35/gboost,26185,0.2842085163261409,0.715791483673859,0.716975367576857,0.11838839029979509,0.5623149887092848,0.3500644777303839,0.4742004837409299,0.4027849112594875,0.5199667748711096,0.5865041225742631,0.19913057824387054,0.5898492921904676,0.36312156628207715,0.010582161831891942,0.596884305189237,0.2034340355738346,1.0.0,0.010380182614973865,0.004303457329964067,0.30251059767042193,0.7156769142638916,3529,6552,3913,12191,over35,gboost,18.9,4,0.0319748573571601
over35/lightgbm,26185,0.2842085163261409,0.715791483673859,0.7178155432499522,0.20240595760931956,0.5551199098205299,0.3510009099181074,0.4146734748723461,0.3801897252679562,0.6100000000000002,0.5880188147662969,0.19966035720187425,0.5889845422251558,0.3648187371118711,0.026652699303051017,0.596884305189237,0.2034340355738346,1.0.0,0.008865490422940048,0.003773678371960354,0.3099965629177009,0.7164025205270192,3086,5706,4356,13037,over35,lightgbm,15.2,4,0.031748899895704064
